-- MySQL dump 10.13  Distrib 5.7.17, for Win64 (x86_64)
--
-- Host: localhost    Database: pdfparser
-- ------------------------------------------------------
-- Server version	5.7.18-log

/*!40101 SET @OLD_CHARACTER_SET_CLIENT=@@CHARACTER_SET_CLIENT */;
/*!40101 SET @OLD_CHARACTER_SET_RESULTS=@@CHARACTER_SET_RESULTS */;
/*!40101 SET @OLD_COLLATION_CONNECTION=@@COLLATION_CONNECTION */;
/*!40101 SET NAMES utf8 */;
/*!40103 SET @OLD_TIME_ZONE=@@TIME_ZONE */;
/*!40103 SET TIME_ZONE='+00:00' */;
/*!40014 SET @OLD_UNIQUE_CHECKS=@@UNIQUE_CHECKS, UNIQUE_CHECKS=0 */;
/*!40014 SET @OLD_FOREIGN_KEY_CHECKS=@@FOREIGN_KEY_CHECKS, FOREIGN_KEY_CHECKS=0 */;
/*!40101 SET @OLD_SQL_MODE=@@SQL_MODE, SQL_MODE='NO_AUTO_VALUE_ON_ZERO' */;
/*!40111 SET @OLD_SQL_NOTES=@@SQL_NOTES, SQL_NOTES=0 */;

--
-- Table structure for table `parsed_file`
--

DROP TABLE IF EXISTS `parsed_file`;
/*!40101 SET @saved_cs_client     = @@character_set_client */;
/*!40101 SET character_set_client = utf8 */;
CREATE TABLE `parsed_file` (
  `id` int(11) NOT NULL AUTO_INCREMENT,
  `uploaded_by` int(11) NOT NULL,
  `upload_date` timestamp NOT NULL DEFAULT CURRENT_TIMESTAMP,
  `best_parser_id` int(11) DEFAULT NULL,
  `accuracy` double DEFAULT NULL,
  PRIMARY KEY (`id`),
  UNIQUE KEY `parsed_file_id_uindex` (`id`)
) ENGINE=InnoDB AUTO_INCREMENT=25 DEFAULT CHARSET=utf8;
/*!40101 SET character_set_client = @saved_cs_client */;

--
-- Dumping data for table `parsed_file`
--

LOCK TABLES `parsed_file` WRITE;
/*!40000 ALTER TABLE `parsed_file` DISABLE KEYS */;
INSERT INTO `parsed_file` VALUES (1,2,'2019-03-12 16:40:07',NULL,NULL),(2,2,'2019-03-12 16:41:02',NULL,NULL),(3,2,'2019-03-12 17:08:16',NULL,NULL),(4,2,'2019-03-12 17:20:20',NULL,NULL),(5,2,'2019-03-12 17:24:21',NULL,NULL),(6,2,'2019-03-12 18:18:32',NULL,NULL),(7,2,'2019-03-12 18:26:53',NULL,NULL),(12,2,'2019-03-12 21:33:13',NULL,NULL),(13,2,'2019-03-12 21:33:28',NULL,NULL),(14,2,'2019-03-12 21:35:13',NULL,NULL),(15,2,'2019-03-12 21:35:40',NULL,NULL),(19,6,'2019-03-15 13:31:53',8,21.05263157894737),(20,6,'2019-03-15 13:32:22',8,100),(21,6,'2019-03-15 13:32:23',8,100),(22,2,'2019-03-21 22:17:03',13,0.35714285714285715),(23,2,'2019-03-21 22:18:45',21,64.70588235294117),(24,2,'2019-03-21 22:19:00',21,64.70588235294117);
/*!40000 ALTER TABLE `parsed_file` ENABLE KEYS */;
UNLOCK TABLES;

--
-- Table structure for table `parser`
--

DROP TABLE IF EXISTS `parser`;
/*!40101 SET @saved_cs_client     = @@character_set_client */;
/*!40101 SET character_set_client = utf8 */;
CREATE TABLE `parser` (
  `id` int(11) NOT NULL AUTO_INCREMENT,
  `name` varchar(110) DEFAULT NULL,
  `created_by` int(11) NOT NULL,
  `create_date` timestamp NOT NULL DEFAULT CURRENT_TIMESTAMP,
  PRIMARY KEY (`id`),
  UNIQUE KEY `parser_id_uindex` (`id`)
) ENGINE=InnoDB AUTO_INCREMENT=77 DEFAULT CHARSET=utf8;
/*!40101 SET character_set_client = @saved_cs_client */;

--
-- Dumping data for table `parser`
--

LOCK TABLES `parser` WRITE;
/*!40000 ALTER TABLE `parser` DISABLE KEYS */;
INSERT INTO `parser` VALUES (4,NULL,2,'2019-03-12 16:45:28'),(5,NULL,2,'2019-03-12 16:47:26'),(6,NULL,2,'2019-03-12 20:23:17'),(9,NULL,2,'2019-03-15 14:28:20'),(10,NULL,2,'2019-03-15 14:28:31'),(11,NULL,2,'2019-03-15 14:28:42'),(12,NULL,2,'2019-03-21 20:59:38'),(13,'Test Parser 3',2,'2019-03-21 21:12:25'),(14,NULL,2,'2019-03-21 21:13:09'),(15,NULL,2,'2019-03-21 21:24:30'),(16,NULL,2,'2019-03-21 21:36:02'),(17,NULL,2,'2019-03-21 21:36:31'),(18,NULL,2,'2019-03-21 21:38:27'),(19,'Test Parser 1111',2,'2019-03-21 22:04:45'),(20,NULL,2,'2019-03-21 22:16:17'),(21,'Test Parser 333',2,'2019-03-21 22:18:27'),(22,NULL,2,'2019-03-22 16:51:29'),(23,NULL,2,'2019-03-22 16:52:32'),(24,NULL,2,'2019-03-22 18:13:05'),(25,NULL,2,'2019-03-22 19:22:27'),(26,NULL,2,'2019-03-22 19:27:53'),(27,NULL,2,'2019-03-22 19:33:35'),(28,'Test Parser 132',2,'2019-03-22 21:25:40'),(29,NULL,2,'2019-03-22 21:42:59'),(30,NULL,2,'2019-03-22 21:46:29'),(31,NULL,2,'2019-03-22 21:58:42'),(32,NULL,2,'2019-03-22 22:05:41'),(33,NULL,2,'2019-03-22 22:13:25'),(34,NULL,2,'2019-03-22 22:14:51'),(35,NULL,2,'2019-03-22 22:17:17'),(36,NULL,2,'2019-03-22 22:33:24'),(37,NULL,2,'2019-03-22 22:48:00'),(38,NULL,2,'2019-03-22 22:48:22'),(39,'Test Parser 111112121',2,'2019-03-22 23:33:03'),(40,NULL,2,'2019-03-25 20:34:23'),(41,NULL,2,'2019-03-26 15:45:56'),(42,NULL,2,'2019-03-26 15:58:08'),(43,NULL,2,'2019-03-26 17:05:17'),(44,NULL,2,'2019-03-26 17:06:51'),(45,'Test Parser 1',2,'2019-03-26 17:23:52'),(46,NULL,2,'2019-03-26 17:24:10'),(47,NULL,2,'2019-03-30 10:31:01'),(48,'qqqqqq',2,'2019-03-30 10:50:59'),(49,NULL,2,'2019-03-30 11:06:20'),(50,NULL,2,'2019-03-30 11:19:05'),(51,NULL,2,'2019-03-30 14:59:53'),(52,NULL,2,'2019-03-30 16:17:25'),(53,NULL,2,'2019-03-30 16:24:20'),(54,NULL,2,'2019-03-30 16:28:25'),(55,NULL,2,'2019-03-30 16:42:11'),(56,NULL,2,'2019-03-30 17:01:07'),(57,NULL,2,'2019-03-30 19:37:49'),(58,'Test Parser 2aaa',2,'2019-03-30 19:41:46'),(59,NULL,2,'2019-03-30 19:42:35'),(60,NULL,2,'2019-03-30 19:46:00'),(61,'dgfgsd',2,'2019-03-30 19:59:20'),(62,NULL,2,'2019-03-30 20:00:28'),(63,NULL,2,'2019-03-30 20:31:50'),(64,NULL,2,'2019-03-30 20:55:21'),(65,NULL,2,'2019-03-30 21:05:01'),(66,NULL,2,'2019-03-30 21:12:29'),(67,NULL,2,'2019-03-30 21:25:05'),(68,NULL,2,'2019-03-30 21:28:59'),(69,NULL,2,'2019-03-30 21:41:04'),(70,NULL,2,'2019-03-30 21:44:08'),(71,NULL,2,'2019-03-31 19:51:25'),(72,NULL,2,'2019-03-31 19:57:33'),(73,NULL,2,'2019-03-31 20:25:35'),(74,NULL,2,'2019-03-31 21:03:00'),(75,NULL,2,'2019-03-31 21:04:35'),(76,NULL,2,'2019-03-31 21:24:10');
/*!40000 ALTER TABLE `parser` ENABLE KEYS */;
UNLOCK TABLES;

--
-- Table structure for table `result_mapping`
--

DROP TABLE IF EXISTS `result_mapping`;
/*!40101 SET @saved_cs_client     = @@character_set_client */;
/*!40101 SET character_set_client = utf8 */;
CREATE TABLE `result_mapping` (
  `id` int(11) NOT NULL AUTO_INCREMENT,
  `row_index` int(11) DEFAULT NULL,
  `col_index` int(11) DEFAULT NULL,
  `is_static` int(11) DEFAULT NULL,
  `main_file_row_index` int(11) DEFAULT NULL,
  `main_file_col_index` int(11) DEFAULT NULL,
  `parser_id` int(11) DEFAULT NULL,
  PRIMARY KEY (`id`),
  UNIQUE KEY `result_mapping_id_uindex` (`id`)
) ENGINE=InnoDB AUTO_INCREMENT=6115 DEFAULT CHARSET=utf8;
/*!40101 SET character_set_client = @saved_cs_client */;

--
-- Dumping data for table `result_mapping`
--

LOCK TABLES `result_mapping` WRITE;
/*!40000 ALTER TABLE `result_mapping` DISABLE KEYS */;
INSERT INTO `result_mapping` VALUES (35,0,0,0,6,0,4),(36,0,1,0,6,1,4),(37,1,0,0,7,0,4),(38,1,1,0,7,1,4),(39,2,0,0,8,0,4),(40,2,1,0,-1,-1,4),(41,3,0,0,5,2,4),(42,3,1,0,-1,-1,4),(43,4,0,0,12,0,4),(44,4,1,0,12,1,4),(45,5,0,0,13,0,4),(46,5,1,0,13,1,4),(47,6,0,0,14,0,4),(48,7,0,0,15,0,4),(49,7,1,0,-1,-1,4),(50,9,0,0,5,0,4),(51,10,0,0,5,1,4),(52,0,0,0,6,0,5),(53,0,1,0,6,1,5),(54,1,0,0,7,0,5),(55,1,1,0,7,1,5),(56,2,0,0,8,0,5),(57,2,1,0,-1,-1,5),(58,3,0,0,5,2,5),(59,3,1,0,-1,-1,5),(60,4,0,0,12,0,5),(61,4,1,0,12,1,5),(62,5,0,0,13,0,5),(63,5,1,0,13,1,5),(64,6,0,0,14,0,5),(65,7,0,0,15,0,5),(66,7,1,0,-1,-1,5),(67,9,0,0,5,0,5),(68,10,0,0,5,1,5),(86,0,0,0,0,0,8),(87,0,1,0,0,1,8),(88,1,0,0,1,0,8),(89,1,1,0,1,1,8),(90,2,0,0,2,0,8),(91,2,1,0,2,1,8),(92,3,0,0,3,0,8),(93,3,1,0,3,1,8),(94,4,0,0,4,0,8),(95,4,1,0,4,1,8),(96,5,0,0,5,0,8),(97,6,0,0,6,0,8),(98,6,1,0,6,1,8),(99,7,0,0,7,0,8),(100,7,1,0,7,1,8),(101,7,2,0,7,2,8),(102,8,0,0,8,0,8),(103,8,1,0,8,1,8),(104,9,0,0,9,0,8),(105,9,1,0,9,1,8),(106,10,0,0,10,0,8),(107,10,1,0,10,1,8),(108,10,2,0,10,2,8),(109,10,3,0,10,3,8),(110,11,0,0,11,0,8),(111,11,1,0,11,1,8),(112,11,2,0,11,2,8),(113,11,3,0,11,3,8),(114,12,0,0,12,0,8),(115,12,1,0,12,1,8),(116,12,2,0,12,2,8),(117,12,3,0,12,3,8),(118,13,0,0,11,0,8),(119,13,1,0,11,1,8),(120,14,0,0,14,0,8),(121,14,1,0,14,1,8),(122,15,0,0,15,0,8),(123,15,1,0,15,1,8),(124,16,0,0,11,0,8),(125,16,1,0,11,1,8),(126,17,0,0,17,0,8),(127,17,1,0,14,0,8),(128,17,2,0,14,1,8),(129,18,0,0,18,0,8),(130,18,1,0,18,1,8),(131,19,0,0,19,0,8),(132,20,0,0,20,0,8),(133,21,0,0,21,0,8),(134,21,1,0,21,1,8),(135,22,0,0,22,0,8),(136,22,1,0,22,1,8),(137,23,0,0,23,0,8),(138,24,0,0,24,0,8),(139,24,1,0,24,1,8),(140,24,2,0,24,2,8),(141,24,3,0,24,3,8),(142,24,4,0,24,4,8),(143,0,0,0,0,0,8),(144,0,1,0,0,1,8),(145,1,0,0,1,0,8),(146,1,1,0,1,1,8),(147,2,0,0,2,0,8),(148,2,1,0,2,1,8),(149,3,0,0,3,0,8),(150,3,1,0,3,1,8),(151,4,0,0,4,0,8),(152,4,1,0,4,1,8),(153,5,0,0,5,0,8),(154,6,0,0,6,0,8),(155,6,1,0,6,1,8),(156,7,0,0,7,0,8),(157,7,1,0,7,1,8),(158,7,2,0,7,2,8),(159,8,0,0,8,0,8),(160,8,1,0,8,1,8),(161,9,0,0,9,0,8),(162,9,1,0,9,1,8),(163,10,0,0,10,0,8),(164,10,1,0,10,1,8),(165,10,2,0,10,2,8),(166,10,3,0,10,3,8),(167,11,0,0,11,0,8),(168,11,1,0,11,1,8),(169,11,2,0,11,2,8),(170,11,3,0,11,3,8),(171,12,0,0,12,0,8),(172,12,1,0,12,1,8),(173,12,2,0,12,2,8),(174,12,3,0,12,3,8),(175,13,0,0,11,0,8),(176,13,1,0,11,1,8),(177,14,0,0,14,0,8),(178,14,1,0,14,1,8),(179,15,0,0,15,0,8),(180,15,1,0,15,1,8),(181,16,0,0,11,0,8),(182,16,1,0,11,1,8),(183,17,0,0,17,0,8),(184,17,1,0,14,0,8),(185,17,2,0,14,1,8),(186,18,0,0,18,0,8),(187,18,1,0,18,1,8),(188,19,0,0,19,0,8),(189,20,0,0,20,0,8),(190,21,0,0,21,0,8),(191,21,1,0,21,1,8),(192,22,0,0,22,0,8),(193,22,1,0,22,1,8),(194,23,0,0,23,0,8),(195,24,0,0,24,0,8),(196,24,1,0,24,1,8),(197,24,2,0,24,2,8),(198,24,3,0,24,3,8),(199,24,4,0,24,4,8),(200,0,0,0,6,0,7),(201,0,1,0,10,2,7),(202,0,2,0,-1,-1,7),(203,0,3,0,-1,-1,7),(204,0,4,0,-1,-1,7),(205,0,5,0,-1,-1,7),(206,0,6,0,-1,-1,7),(207,0,7,0,-1,-1,7),(208,0,8,0,-1,-1,7),(209,0,9,0,-1,-1,7),(210,0,10,0,-1,-1,7),(211,1,0,0,7,0,7),(212,1,1,0,7,1,7),(213,1,2,0,-1,-1,7),(214,1,3,0,-1,-1,7),(215,1,4,0,-1,-1,7),(216,1,5,0,-1,-1,7),(217,1,6,0,-1,-1,7),(218,1,7,0,-1,-1,7),(219,1,8,0,-1,-1,7),(220,1,9,0,-1,-1,7),(221,1,10,0,-1,-1,7),(222,0,0,0,-1,-1,12),(223,0,1,0,-1,-1,12),(224,0,2,0,-1,-1,12),(225,0,3,0,-1,-1,12),(226,0,4,0,-1,-1,12),(227,0,5,0,-1,-1,12),(228,0,6,0,-1,-1,12),(229,0,7,0,-1,-1,12),(230,0,8,0,-1,-1,12),(231,0,9,0,-1,-1,12),(232,0,10,0,-1,-1,12),(233,0,11,0,-1,-1,12),(234,0,12,0,-1,-1,12),(235,0,13,0,-1,-1,12),(236,0,14,0,-1,-1,12),(237,0,15,0,-1,-1,12),(238,0,16,0,-1,-1,12),(239,0,17,0,-1,-1,12),(240,0,18,0,-1,-1,12),(241,0,19,0,-1,-1,12),(242,0,20,0,-1,-1,12),(243,0,21,0,-1,-1,12),(244,0,22,0,-1,-1,12),(245,0,23,0,-1,-1,12),(246,0,24,0,-1,-1,12),(247,0,25,0,-1,-1,12),(248,0,26,0,-1,-1,12),(249,0,27,0,-1,-1,12),(250,0,28,0,-1,-1,12),(251,0,29,0,-1,-1,12),(252,0,30,0,-1,-1,12),(253,0,31,0,-1,-1,12),(254,0,32,0,-1,-1,12),(255,0,33,0,-1,-1,12),(256,0,34,0,-1,-1,12),(257,0,35,0,-1,-1,12),(258,0,36,0,-1,-1,12),(259,0,37,0,-1,-1,12),(260,1,0,0,-1,-1,12),(261,1,1,0,-1,-1,12),(262,1,2,0,-1,-1,12),(263,1,3,0,-1,-1,12),(264,1,4,0,-1,-1,12),(265,1,5,0,-1,-1,12),(266,1,6,0,-1,-1,12),(267,1,7,0,-1,-1,12),(268,1,8,0,-1,-1,12),(269,1,9,0,-1,-1,12),(270,1,10,0,-1,-1,12),(271,1,11,0,-1,-1,12),(272,1,12,0,-1,-1,12),(273,1,13,0,-1,-1,12),(274,1,14,0,-1,-1,12),(275,1,15,0,-1,-1,12),(276,1,16,0,-1,-1,12),(277,1,17,0,-1,-1,12),(278,1,18,0,-1,-1,12),(279,1,19,0,-1,-1,12),(280,1,20,0,-1,-1,12),(281,1,21,0,-1,-1,12),(282,1,22,0,-1,-1,12),(283,1,23,0,-1,-1,12),(284,1,24,0,-1,-1,12),(285,1,25,0,-1,-1,12),(286,1,26,0,-1,-1,12),(287,1,27,0,-1,-1,12),(288,1,28,0,-1,-1,12),(289,1,29,0,-1,-1,12),(290,1,30,0,-1,-1,12),(291,1,31,0,-1,-1,12),(292,1,32,0,-1,-1,12),(293,2,0,0,-1,-1,12),(294,2,1,0,-1,-1,12),(295,2,2,0,-1,-1,12),(296,2,3,0,-1,-1,12),(297,2,4,0,-1,-1,12),(298,2,5,0,-1,-1,12),(299,2,6,0,-1,-1,12),(300,2,7,0,-1,-1,12),(301,2,8,0,-1,-1,12),(302,2,9,0,-1,-1,12),(303,2,10,0,-1,-1,12),(304,2,11,0,-1,-1,12),(305,2,12,0,-1,-1,12),(306,2,13,0,-1,-1,12),(307,2,14,0,-1,-1,12),(308,2,15,0,-1,-1,12),(309,2,16,0,-1,-1,12),(310,2,17,0,-1,-1,12),(311,2,18,0,-1,-1,12),(312,2,19,0,-1,-1,12),(313,2,20,0,-1,-1,12),(314,2,21,0,-1,-1,12),(315,2,22,0,-1,-1,12),(316,2,23,0,-1,-1,12),(317,2,24,0,-1,-1,12),(318,2,25,0,-1,-1,12),(319,2,26,0,-1,-1,12),(320,2,27,0,-1,-1,12),(321,2,28,0,-1,-1,12),(322,2,29,0,-1,-1,12),(323,2,30,0,-1,-1,12),(324,2,31,0,-1,-1,12),(325,2,32,0,-1,-1,12),(326,3,0,0,-1,-1,12),(327,3,1,0,-1,-1,12),(328,3,2,0,-1,-1,12),(329,3,3,0,-1,-1,12),(330,3,4,0,-1,-1,12),(331,3,5,0,-1,-1,12),(332,3,6,0,-1,-1,12),(333,3,7,0,-1,-1,12),(334,3,8,0,-1,-1,12),(335,3,9,0,-1,-1,12),(336,3,10,0,-1,-1,12),(337,3,11,0,-1,-1,12),(338,3,12,0,-1,-1,12),(339,3,13,0,-1,-1,12),(340,3,14,0,-1,-1,12),(341,3,15,0,-1,-1,12),(342,3,16,0,-1,-1,12),(343,3,17,0,-1,-1,12),(344,3,18,0,-1,-1,12),(345,3,19,0,-1,-1,12),(346,3,20,0,-1,-1,12),(347,3,21,0,-1,-1,12),(348,3,22,0,-1,-1,12),(349,3,23,0,-1,-1,12),(350,3,24,0,-1,-1,12),(351,3,25,0,-1,-1,12),(352,3,26,0,-1,-1,12),(353,3,27,0,-1,-1,12),(354,3,28,0,-1,-1,12),(355,3,29,0,-1,-1,12),(356,3,30,0,-1,-1,12),(357,3,31,0,-1,-1,12),(358,3,32,0,-1,-1,12),(359,4,0,0,-1,-1,12),(360,4,1,0,-1,-1,12),(361,4,2,0,-1,-1,12),(362,4,3,0,-1,-1,12),(363,4,4,0,-1,-1,12),(364,4,5,0,-1,-1,12),(365,4,6,0,-1,-1,12),(366,4,7,0,-1,-1,12),(367,4,8,0,-1,-1,12),(368,4,9,0,-1,-1,12),(369,4,10,0,-1,-1,12),(370,4,11,0,-1,-1,12),(371,4,12,0,-1,-1,12),(372,4,13,0,-1,-1,12),(373,4,14,0,-1,-1,12),(374,4,15,0,-1,-1,12),(375,4,16,0,-1,-1,12),(376,4,17,0,-1,-1,12),(377,4,18,0,-1,-1,12),(378,4,19,0,-1,-1,12),(379,4,20,0,-1,-1,12),(380,4,21,0,-1,-1,12),(381,4,22,0,-1,-1,12),(382,4,23,0,-1,-1,12),(383,4,24,0,-1,-1,12),(384,4,25,0,-1,-1,12),(385,4,26,0,-1,-1,12),(386,4,27,0,-1,-1,12),(387,4,28,0,-1,-1,12),(388,4,29,0,-1,-1,12),(389,4,30,0,-1,-1,12),(390,4,31,0,-1,-1,12),(391,4,32,0,-1,-1,12),(392,5,0,0,-1,-1,12),(393,5,1,0,-1,-1,12),(394,5,2,0,-1,-1,12),(395,5,3,0,-1,-1,12),(396,5,4,0,-1,-1,12),(397,5,5,0,-1,-1,12),(398,5,6,0,-1,-1,12),(399,5,7,0,-1,-1,12),(400,5,8,0,-1,-1,12),(401,5,9,0,-1,-1,12),(402,5,10,0,-1,-1,12),(403,5,11,0,-1,-1,12),(404,5,12,0,-1,-1,12),(405,5,13,0,-1,-1,12),(406,5,14,0,-1,-1,12),(407,5,15,0,-1,-1,12),(408,5,16,0,-1,-1,12),(409,5,17,0,-1,-1,12),(410,5,18,0,-1,-1,12),(411,5,19,0,-1,-1,12),(412,5,20,0,-1,-1,12),(413,5,21,0,-1,-1,12),(414,5,22,0,-1,-1,12),(415,5,23,0,-1,-1,12),(416,5,24,0,-1,-1,12),(417,5,25,0,-1,-1,12),(418,5,26,0,-1,-1,12),(419,5,27,0,-1,-1,12),(420,5,28,0,-1,-1,12),(421,5,29,0,-1,-1,12),(422,5,30,0,-1,-1,12),(423,5,31,0,-1,-1,12),(424,5,32,0,-1,-1,12),(425,6,0,0,-1,-1,12),(426,6,1,0,-1,-1,12),(427,6,2,0,-1,-1,12),(428,6,3,0,-1,-1,12),(429,6,4,0,-1,-1,12),(430,6,5,0,-1,-1,12),(431,6,6,0,-1,-1,12),(432,6,7,0,-1,-1,12),(433,6,8,0,-1,-1,12),(434,6,9,0,-1,-1,12),(435,6,10,0,-1,-1,12),(436,6,11,0,-1,-1,12),(437,6,12,0,-1,-1,12),(438,6,13,0,-1,-1,12),(439,6,14,0,-1,-1,12),(440,6,15,0,-1,-1,12),(441,6,16,0,-1,-1,12),(442,6,17,0,-1,-1,12),(443,6,18,0,-1,-1,12),(444,6,19,0,-1,-1,12),(445,6,20,0,-1,-1,12),(446,6,21,0,-1,-1,12),(447,6,22,0,-1,-1,12),(448,6,23,0,-1,-1,12),(449,6,24,0,-1,-1,12),(450,6,25,0,-1,-1,12),(451,6,26,0,-1,-1,12),(452,6,27,0,-1,-1,12),(453,6,28,0,-1,-1,12),(454,6,29,0,-1,-1,12),(455,6,30,0,-1,-1,12),(456,6,31,0,-1,-1,12),(457,6,32,0,-1,-1,12),(458,7,0,0,-1,-1,12),(459,7,1,0,-1,-1,12),(460,7,2,0,-1,-1,12),(461,7,3,0,-1,-1,12),(462,7,4,0,-1,-1,12),(463,7,5,0,-1,-1,12),(464,7,6,0,-1,-1,12),(465,7,7,0,-1,-1,12),(466,7,8,0,-1,-1,12),(467,7,9,0,-1,-1,12),(468,7,10,0,-1,-1,12),(469,7,11,0,-1,-1,12),(470,7,12,0,-1,-1,12),(471,7,13,0,-1,-1,12),(472,7,14,0,-1,-1,12),(473,7,15,0,-1,-1,12),(474,7,16,0,-1,-1,12),(475,7,17,0,-1,-1,12),(476,7,18,0,-1,-1,12),(477,7,19,0,-1,-1,12),(478,7,20,0,-1,-1,12),(479,7,21,0,-1,-1,12),(480,7,22,0,-1,-1,12),(481,7,23,0,-1,-1,12),(482,7,24,0,-1,-1,12),(483,7,25,0,-1,-1,12),(484,7,26,0,-1,-1,12),(485,7,27,0,-1,-1,12),(486,7,28,0,-1,-1,12),(487,7,29,0,-1,-1,12),(488,7,30,0,-1,-1,12),(489,7,31,0,-1,-1,12),(490,7,32,0,-1,-1,12),(491,8,0,0,-1,-1,12),(492,8,1,0,-1,-1,12),(493,8,2,0,-1,-1,12),(494,8,3,0,-1,-1,12),(495,8,4,0,-1,-1,12),(496,8,5,0,-1,-1,12),(497,8,6,0,-1,-1,12),(498,8,7,0,-1,-1,12),(499,8,8,0,-1,-1,12),(500,8,9,0,-1,-1,12),(501,8,10,0,-1,-1,12),(502,8,11,0,-1,-1,12),(503,8,12,0,-1,-1,12),(504,8,13,0,-1,-1,12),(505,8,14,0,-1,-1,12),(506,8,15,0,-1,-1,12),(507,8,16,0,-1,-1,12),(508,8,17,0,-1,-1,12),(509,8,18,0,-1,-1,12),(510,8,19,0,-1,-1,12),(511,8,20,0,-1,-1,12),(512,8,21,0,-1,-1,12),(513,8,22,0,-1,-1,12),(514,8,23,0,-1,-1,12),(515,8,24,0,-1,-1,12),(516,8,25,0,-1,-1,12),(517,8,26,0,-1,-1,12),(518,8,27,0,-1,-1,12),(519,8,28,0,-1,-1,12),(520,8,29,0,-1,-1,12),(521,8,30,0,-1,-1,12),(522,8,31,0,-1,-1,12),(523,8,32,0,-1,-1,12),(524,9,0,0,-1,-1,12),(525,9,1,0,-1,-1,12),(526,9,2,0,-1,-1,12),(527,9,3,0,-1,-1,12),(528,9,4,0,-1,-1,12),(529,9,5,0,-1,-1,12),(530,9,6,0,-1,-1,12),(531,9,7,0,-1,-1,12),(532,9,8,0,-1,-1,12),(533,9,9,0,-1,-1,12),(534,9,10,0,-1,-1,12),(535,9,11,0,-1,-1,12),(536,9,12,0,-1,-1,12),(537,9,13,0,-1,-1,12),(538,9,14,0,-1,-1,12),(539,9,15,0,-1,-1,12),(540,9,16,0,-1,-1,12),(541,9,17,0,-1,-1,12),(542,9,18,0,-1,-1,12),(543,9,19,0,-1,-1,12),(544,9,20,0,-1,-1,12),(545,9,21,0,-1,-1,12),(546,9,22,0,-1,-1,12),(547,9,23,0,-1,-1,12),(548,9,24,0,-1,-1,12),(549,9,25,0,-1,-1,12),(550,9,26,0,-1,-1,12),(551,9,27,0,-1,-1,12),(552,9,28,0,-1,-1,12),(553,9,29,0,-1,-1,12),(554,9,30,0,-1,-1,12),(555,9,31,0,-1,-1,12),(556,10,0,0,-1,-1,12),(557,10,1,0,-1,-1,12),(558,10,2,0,-1,-1,12),(559,10,3,0,-1,-1,12),(560,10,4,0,-1,-1,12),(561,10,5,0,-1,-1,12),(562,10,6,0,-1,-1,12),(563,10,7,0,-1,-1,12),(564,10,8,0,-1,-1,12),(565,10,9,0,-1,-1,12),(566,10,10,0,-1,-1,12),(567,10,11,0,-1,-1,12),(568,10,12,0,-1,-1,12),(569,10,13,0,-1,-1,12),(570,10,14,0,-1,-1,12),(571,10,15,0,-1,-1,12),(572,10,16,0,-1,-1,12),(573,10,17,0,-1,-1,12),(574,10,18,0,-1,-1,12),(575,10,19,0,-1,-1,12),(576,10,20,0,-1,-1,12),(577,10,21,0,-1,-1,12),(578,10,22,0,-1,-1,12),(579,10,23,0,-1,-1,12),(580,10,24,0,-1,-1,12),(581,10,25,0,-1,-1,12),(582,10,26,0,-1,-1,12),(583,10,27,0,-1,-1,12),(584,10,28,0,-1,-1,12),(585,10,29,0,-1,-1,12),(586,10,30,0,-1,-1,12),(587,10,31,0,-1,-1,12),(588,10,32,0,13,1,12),(589,11,0,0,-1,-1,12),(590,11,1,0,-1,-1,12),(591,11,2,0,-1,-1,12),(592,11,3,0,-1,-1,12),(593,11,4,0,-1,-1,12),(594,11,5,0,-1,-1,12),(595,11,6,0,-1,-1,12),(596,11,7,0,-1,-1,12),(597,11,8,0,-1,-1,12),(598,11,9,0,-1,-1,12),(599,11,10,0,-1,-1,12),(600,11,11,0,-1,-1,12),(601,11,12,0,-1,-1,12),(602,11,13,0,-1,-1,12),(603,11,14,0,-1,-1,12),(604,11,15,0,-1,-1,12),(605,11,16,0,-1,-1,12),(606,11,17,0,-1,-1,12),(607,11,18,0,-1,-1,12),(608,11,19,0,-1,-1,12),(609,11,20,0,-1,-1,12),(610,11,21,0,-1,-1,12),(611,11,22,0,-1,-1,12),(612,11,23,0,-1,-1,12),(613,11,24,0,-1,-1,12),(614,11,25,0,-1,-1,12),(615,11,26,0,-1,-1,12),(616,11,27,0,-1,-1,12),(617,11,28,0,-1,-1,12),(618,11,29,0,-1,-1,12),(619,11,30,0,-1,-1,12),(620,11,31,0,-1,-1,12),(621,11,32,0,14,1,12),(622,12,0,0,-1,-1,12),(623,12,1,0,-1,-1,12),(624,12,2,0,-1,-1,12),(625,12,3,0,-1,-1,12),(626,12,4,0,-1,-1,12),(627,12,5,0,-1,-1,12),(628,12,6,0,-1,-1,12),(629,12,7,0,-1,-1,12),(630,12,8,0,-1,-1,12),(631,12,9,0,-1,-1,12),(632,12,10,0,-1,-1,12),(633,12,11,0,-1,-1,12),(634,12,12,0,-1,-1,12),(635,12,13,0,-1,-1,12),(636,12,14,0,-1,-1,12),(637,12,15,0,-1,-1,12),(638,12,16,0,-1,-1,12),(639,12,17,0,-1,-1,12),(640,12,18,0,-1,-1,12),(641,12,19,0,-1,-1,12),(642,12,20,0,-1,-1,12),(643,12,21,0,-1,-1,12),(644,12,22,0,-1,-1,12),(645,12,23,0,-1,-1,12),(646,12,24,0,-1,-1,12),(647,12,25,0,-1,-1,12),(648,12,26,0,-1,-1,12),(649,12,27,0,-1,-1,12),(650,12,28,0,-1,-1,12),(651,12,29,0,-1,-1,12),(652,12,30,0,-1,-1,12),(653,12,31,0,-1,-1,12),(654,13,0,0,-1,-1,12),(655,13,1,0,-1,-1,12),(656,13,2,0,-1,-1,12),(657,13,3,0,-1,-1,12),(658,13,4,0,-1,-1,12),(659,13,5,0,-1,-1,12),(660,13,6,0,-1,-1,12),(661,13,7,0,-1,-1,12),(662,13,8,0,-1,-1,12),(663,13,9,0,-1,-1,12),(664,13,10,0,-1,-1,12),(665,13,11,0,-1,-1,12),(666,13,12,0,-1,-1,12),(667,13,13,0,-1,-1,12),(668,13,14,0,-1,-1,12),(669,13,15,0,-1,-1,12),(670,13,16,0,-1,-1,12),(671,13,17,0,-1,-1,12),(672,13,18,0,-1,-1,12),(673,13,19,0,-1,-1,12),(674,13,20,0,-1,-1,12),(675,13,21,0,-1,-1,12),(676,13,22,0,-1,-1,12),(677,13,23,0,-1,-1,12),(678,13,24,0,-1,-1,12),(679,13,25,0,-1,-1,12),(680,13,26,0,-1,-1,12),(681,13,27,0,-1,-1,12),(682,13,28,0,-1,-1,12),(683,13,29,0,-1,-1,12),(684,13,30,0,-1,-1,12),(685,13,31,0,-1,-1,12),(686,14,0,0,-1,-1,12),(687,14,1,0,-1,-1,12),(688,14,2,0,-1,-1,12),(689,14,3,0,-1,-1,12),(690,14,4,0,-1,-1,12),(691,14,5,0,-1,-1,12),(692,14,6,0,-1,-1,12),(693,14,7,0,-1,-1,12),(694,14,8,0,-1,-1,12),(695,14,9,0,-1,-1,12),(696,14,10,0,-1,-1,12),(697,14,11,0,-1,-1,12),(698,14,12,0,-1,-1,12),(699,14,13,0,-1,-1,12),(700,14,14,0,-1,-1,12),(701,14,15,0,-1,-1,12),(702,14,16,0,-1,-1,12),(703,14,17,0,-1,-1,12),(704,14,18,0,-1,-1,12),(705,14,19,0,-1,-1,12),(706,14,20,0,-1,-1,12),(707,14,21,0,-1,-1,12),(708,14,22,0,-1,-1,12),(709,14,23,0,-1,-1,12),(710,14,24,0,-1,-1,12),(711,14,25,0,-1,-1,12),(712,14,26,0,-1,-1,12),(713,14,27,0,-1,-1,12),(714,14,28,0,-1,-1,12),(715,14,29,0,-1,-1,12),(716,14,30,0,-1,-1,12),(717,14,31,0,-1,-1,12),(718,15,0,0,-1,-1,12),(719,15,1,0,-1,-1,12),(720,15,2,0,-1,-1,12),(721,15,3,0,-1,-1,12),(722,15,4,0,-1,-1,12),(723,15,5,0,-1,-1,12),(724,15,6,0,-1,-1,12),(725,15,7,0,-1,-1,12),(726,15,8,0,-1,-1,12),(727,15,9,0,-1,-1,12),(728,15,10,0,-1,-1,12),(729,15,11,0,-1,-1,12),(730,15,12,0,-1,-1,12),(731,15,13,0,-1,-1,12),(732,15,14,0,-1,-1,12),(733,15,15,0,-1,-1,12),(734,15,16,0,-1,-1,12),(735,15,17,0,-1,-1,12),(736,15,18,0,-1,-1,12),(737,15,19,0,-1,-1,12),(738,15,20,0,-1,-1,12),(739,15,21,0,-1,-1,12),(740,15,22,0,-1,-1,12),(741,15,23,0,-1,-1,12),(742,15,24,0,-1,-1,12),(743,15,25,0,-1,-1,12),(744,15,26,0,-1,-1,12),(745,15,27,0,-1,-1,12),(746,15,28,0,-1,-1,12),(747,15,29,0,-1,-1,12),(748,15,30,0,-1,-1,12),(749,15,31,0,-1,-1,12),(750,16,0,0,-1,-1,12),(751,16,1,0,-1,-1,12),(752,16,2,0,-1,-1,12),(753,16,3,0,-1,-1,12),(754,16,4,0,-1,-1,12),(755,16,5,0,-1,-1,12),(756,16,6,0,-1,-1,12),(757,16,7,0,-1,-1,12),(758,16,8,0,-1,-1,12),(759,16,9,0,-1,-1,12),(760,16,10,0,-1,-1,12),(761,16,11,0,-1,-1,12),(762,16,12,0,-1,-1,12),(763,16,13,0,-1,-1,12),(764,16,14,0,-1,-1,12),(765,16,15,0,-1,-1,12),(766,16,16,0,-1,-1,12),(767,16,17,0,-1,-1,12),(768,16,18,0,-1,-1,12),(769,16,19,0,-1,-1,12),(770,16,20,0,-1,-1,12),(771,16,21,0,-1,-1,12),(772,16,22,0,-1,-1,12),(773,16,23,0,-1,-1,12),(774,16,24,0,-1,-1,12),(775,16,25,0,-1,-1,12),(776,16,26,0,-1,-1,12),(777,16,27,0,-1,-1,12),(778,16,28,0,-1,-1,12),(779,16,29,0,-1,-1,12),(780,16,30,0,-1,-1,12),(781,16,31,0,-1,-1,12),(782,0,0,0,-1,-1,13),(783,0,1,0,-1,-1,13),(784,0,2,0,-1,-1,13),(785,0,3,0,-1,-1,13),(786,0,4,0,-1,-1,13),(787,0,5,0,-1,-1,13),(788,0,6,0,-1,-1,13),(789,0,7,0,-1,-1,13),(790,0,8,0,-1,-1,13),(791,0,9,0,-1,-1,13),(792,0,10,0,-1,-1,13),(793,0,11,0,-1,-1,13),(794,0,12,0,-1,-1,13),(795,0,13,0,-1,-1,13),(796,0,14,0,-1,-1,13),(797,0,15,0,-1,-1,13),(798,0,16,0,-1,-1,13),(799,0,17,0,-1,-1,13),(800,0,18,0,-1,-1,13),(801,0,19,0,-1,-1,13),(802,0,20,0,-1,-1,13),(803,0,21,0,-1,-1,13),(804,0,22,0,-1,-1,13),(805,0,23,0,-1,-1,13),(806,0,24,0,-1,-1,13),(807,0,25,0,-1,-1,13),(808,0,26,0,-1,-1,13),(809,0,27,0,-1,-1,13),(810,0,28,0,-1,-1,13),(811,0,29,0,-1,-1,13),(812,0,30,0,-1,-1,13),(813,0,31,0,-1,-1,13),(814,0,32,0,-1,-1,13),(815,0,33,0,-1,-1,13),(816,0,34,0,-1,-1,13),(817,0,35,0,-1,-1,13),(818,0,36,0,-1,-1,13),(819,0,37,0,-1,-1,13),(820,1,0,0,-1,-1,13),(821,1,1,0,-1,-1,13),(822,1,2,0,-1,-1,13),(823,1,3,0,-1,-1,13),(824,1,4,0,-1,-1,13),(825,1,5,0,-1,-1,13),(826,1,6,0,-1,-1,13),(827,1,7,0,-1,-1,13),(828,1,8,0,-1,-1,13),(829,1,9,0,-1,-1,13),(830,1,10,0,-1,-1,13),(831,1,11,0,-1,-1,13),(832,1,12,0,-1,-1,13),(833,1,13,0,-1,-1,13),(834,1,14,0,-1,-1,13),(835,1,15,0,-1,-1,13),(836,1,16,0,-1,-1,13),(837,1,17,0,-1,-1,13),(838,1,18,0,-1,-1,13),(839,1,19,0,-1,-1,13),(840,1,20,0,-1,-1,13),(841,1,21,0,-1,-1,13),(842,1,22,0,-1,-1,13),(843,1,23,0,-1,-1,13),(844,1,24,0,-1,-1,13),(845,1,25,0,-1,-1,13),(846,1,26,0,-1,-1,13),(847,1,27,0,-1,-1,13),(848,1,28,0,-1,-1,13),(849,1,29,0,-1,-1,13),(850,1,30,0,-1,-1,13),(851,1,31,0,-1,-1,13),(852,1,32,0,-1,-1,13),(853,2,0,0,-1,-1,13),(854,2,1,0,-1,-1,13),(855,2,2,0,-1,-1,13),(856,2,3,0,-1,-1,13),(857,2,4,0,-1,-1,13),(858,2,5,0,-1,-1,13),(859,2,6,0,-1,-1,13),(860,2,7,0,-1,-1,13),(861,2,8,0,-1,-1,13),(862,2,9,0,-1,-1,13),(863,2,10,0,-1,-1,13),(864,2,11,0,-1,-1,13),(865,2,12,0,-1,-1,13),(866,2,13,0,-1,-1,13),(867,2,14,0,-1,-1,13),(868,2,15,0,-1,-1,13),(869,2,16,0,-1,-1,13),(870,2,17,0,-1,-1,13),(871,2,18,0,-1,-1,13),(872,2,19,0,-1,-1,13),(873,2,20,0,-1,-1,13),(874,2,21,0,-1,-1,13),(875,2,22,0,-1,-1,13),(876,2,23,0,-1,-1,13),(877,2,24,0,-1,-1,13),(878,2,25,0,-1,-1,13),(879,2,26,0,-1,-1,13),(880,2,27,0,-1,-1,13),(881,2,28,0,-1,-1,13),(882,2,29,0,-1,-1,13),(883,2,30,0,-1,-1,13),(884,2,31,0,-1,-1,13),(885,2,32,0,-1,-1,13),(886,3,0,0,-1,-1,13),(887,3,1,0,-1,-1,13),(888,3,2,0,-1,-1,13),(889,3,3,0,-1,-1,13),(890,3,4,0,-1,-1,13),(891,3,5,0,-1,-1,13),(892,3,6,0,-1,-1,13),(893,3,7,0,-1,-1,13),(894,3,8,0,-1,-1,13),(895,3,9,0,-1,-1,13),(896,3,10,0,-1,-1,13),(897,3,11,0,-1,-1,13),(898,3,12,0,-1,-1,13),(899,3,13,0,-1,-1,13),(900,3,14,0,-1,-1,13),(901,3,15,0,-1,-1,13),(902,3,16,0,-1,-1,13),(903,3,17,0,-1,-1,13),(904,3,18,0,-1,-1,13),(905,3,19,0,-1,-1,13),(906,3,20,0,-1,-1,13),(907,3,21,0,-1,-1,13),(908,3,22,0,-1,-1,13),(909,3,23,0,-1,-1,13),(910,3,24,0,-1,-1,13),(911,3,25,0,-1,-1,13),(912,3,26,0,-1,-1,13),(913,3,27,0,-1,-1,13),(914,3,28,0,-1,-1,13),(915,3,29,0,-1,-1,13),(916,3,30,0,-1,-1,13),(917,3,31,0,-1,-1,13),(918,3,32,0,-1,-1,13),(919,4,0,0,-1,-1,13),(920,4,1,0,-1,-1,13),(921,4,2,0,-1,-1,13),(922,4,3,0,-1,-1,13),(923,4,4,0,-1,-1,13),(924,4,5,0,-1,-1,13),(925,4,6,0,-1,-1,13),(926,4,7,0,-1,-1,13),(927,4,8,0,-1,-1,13),(928,4,9,0,-1,-1,13),(929,4,10,0,-1,-1,13),(930,4,11,0,-1,-1,13),(931,4,12,0,-1,-1,13),(932,4,13,0,-1,-1,13),(933,4,14,0,-1,-1,13),(934,4,15,0,-1,-1,13),(935,4,16,0,-1,-1,13),(936,4,17,0,-1,-1,13),(937,4,18,0,-1,-1,13),(938,4,19,0,-1,-1,13),(939,4,20,0,-1,-1,13),(940,4,21,0,-1,-1,13),(941,4,22,0,-1,-1,13),(942,4,23,0,-1,-1,13),(943,4,24,0,-1,-1,13),(944,4,25,0,-1,-1,13),(945,4,26,0,-1,-1,13),(946,4,27,0,-1,-1,13),(947,4,28,0,-1,-1,13),(948,4,29,0,-1,-1,13),(949,4,30,0,-1,-1,13),(950,4,31,0,-1,-1,13),(951,4,32,0,-1,-1,13),(952,5,0,0,-1,-1,13),(953,5,1,0,-1,-1,13),(954,5,2,0,-1,-1,13),(955,5,3,0,-1,-1,13),(956,5,4,0,-1,-1,13),(957,5,5,0,-1,-1,13),(958,5,6,0,-1,-1,13),(959,5,7,0,-1,-1,13),(960,5,8,0,-1,-1,13),(961,5,9,0,-1,-1,13),(962,5,10,0,-1,-1,13),(963,5,11,0,-1,-1,13),(964,5,12,0,-1,-1,13),(965,5,13,0,-1,-1,13),(966,5,14,0,-1,-1,13),(967,5,15,0,-1,-1,13),(968,5,16,0,-1,-1,13),(969,5,17,0,-1,-1,13),(970,5,18,0,-1,-1,13),(971,5,19,0,-1,-1,13),(972,5,20,0,-1,-1,13),(973,5,21,0,-1,-1,13),(974,5,22,0,-1,-1,13),(975,5,23,0,-1,-1,13),(976,5,24,0,-1,-1,13),(977,5,25,0,-1,-1,13),(978,5,26,0,-1,-1,13),(979,5,27,0,-1,-1,13),(980,5,28,0,-1,-1,13),(981,5,29,0,-1,-1,13),(982,5,30,0,-1,-1,13),(983,5,31,0,-1,-1,13),(984,5,32,0,-1,-1,13),(985,6,0,0,-1,-1,13),(986,6,1,0,-1,-1,13),(987,6,2,0,-1,-1,13),(988,6,3,0,-1,-1,13),(989,6,4,0,-1,-1,13),(990,6,5,0,-1,-1,13),(991,6,6,0,-1,-1,13),(992,6,7,0,-1,-1,13),(993,6,8,0,-1,-1,13),(994,6,9,0,-1,-1,13),(995,6,10,0,-1,-1,13),(996,6,11,0,-1,-1,13),(997,6,12,0,-1,-1,13),(998,6,13,0,-1,-1,13),(999,6,14,0,-1,-1,13),(1000,6,15,0,-1,-1,13),(1001,6,16,0,-1,-1,13),(1002,6,17,0,-1,-1,13),(1003,6,18,0,-1,-1,13),(1004,6,19,0,-1,-1,13),(1005,6,20,0,-1,-1,13),(1006,6,21,0,-1,-1,13),(1007,6,22,0,-1,-1,13),(1008,6,23,0,-1,-1,13),(1009,6,24,0,-1,-1,13),(1010,6,25,0,-1,-1,13),(1011,6,26,0,-1,-1,13),(1012,6,27,0,-1,-1,13),(1013,6,28,0,-1,-1,13),(1014,6,29,0,-1,-1,13),(1015,6,30,0,-1,-1,13),(1016,6,31,0,-1,-1,13),(1017,6,32,0,-1,-1,13),(1018,7,0,0,-1,-1,13),(1019,7,1,0,-1,-1,13),(1020,7,2,0,-1,-1,13),(1021,7,3,0,-1,-1,13),(1022,7,4,0,-1,-1,13),(1023,7,5,0,-1,-1,13),(1024,7,6,0,-1,-1,13),(1025,7,7,0,-1,-1,13),(1026,7,8,0,-1,-1,13),(1027,7,9,0,-1,-1,13),(1028,7,10,0,-1,-1,13),(1029,7,11,0,-1,-1,13),(1030,7,12,0,-1,-1,13),(1031,7,13,0,-1,-1,13),(1032,7,14,0,-1,-1,13),(1033,7,15,0,-1,-1,13),(1034,7,16,0,-1,-1,13),(1035,7,17,0,-1,-1,13),(1036,7,18,0,-1,-1,13),(1037,7,19,0,-1,-1,13),(1038,7,20,0,-1,-1,13),(1039,7,21,0,-1,-1,13),(1040,7,22,0,-1,-1,13),(1041,7,23,0,-1,-1,13),(1042,7,24,0,-1,-1,13),(1043,7,25,0,-1,-1,13),(1044,7,26,0,-1,-1,13),(1045,7,27,0,-1,-1,13),(1046,7,28,0,-1,-1,13),(1047,7,29,0,-1,-1,13),(1048,7,30,0,-1,-1,13),(1049,7,31,0,-1,-1,13),(1050,7,32,0,-1,-1,13),(1051,8,0,0,-1,-1,13),(1052,8,1,0,-1,-1,13),(1053,8,2,0,-1,-1,13),(1054,8,3,0,-1,-1,13),(1055,8,4,0,-1,-1,13),(1056,8,5,0,-1,-1,13),(1057,8,6,0,-1,-1,13),(1058,8,7,0,-1,-1,13),(1059,8,8,0,-1,-1,13),(1060,8,9,0,-1,-1,13),(1061,8,10,0,-1,-1,13),(1062,8,11,0,-1,-1,13),(1063,8,12,0,-1,-1,13),(1064,8,13,0,-1,-1,13),(1065,8,14,0,-1,-1,13),(1066,8,15,0,-1,-1,13),(1067,8,16,0,-1,-1,13),(1068,8,17,0,-1,-1,13),(1069,8,18,0,-1,-1,13),(1070,8,19,0,-1,-1,13),(1071,8,20,0,-1,-1,13),(1072,8,21,0,-1,-1,13),(1073,8,22,0,-1,-1,13),(1074,8,23,0,-1,-1,13),(1075,8,24,0,-1,-1,13),(1076,8,25,0,-1,-1,13),(1077,8,26,0,-1,-1,13),(1078,8,27,0,-1,-1,13),(1079,8,28,0,-1,-1,13),(1080,8,29,0,-1,-1,13),(1081,8,30,0,-1,-1,13),(1082,8,31,0,-1,-1,13),(1083,8,32,0,-1,-1,13),(1084,9,0,0,-1,-1,13),(1085,9,1,0,-1,-1,13),(1086,9,2,0,-1,-1,13),(1087,9,3,0,-1,-1,13),(1088,9,4,0,-1,-1,13),(1089,9,5,0,-1,-1,13),(1090,9,6,0,-1,-1,13),(1091,9,7,0,-1,-1,13),(1092,9,8,0,-1,-1,13),(1093,9,9,0,-1,-1,13),(1094,9,10,0,-1,-1,13),(1095,9,11,0,-1,-1,13),(1096,9,12,0,-1,-1,13),(1097,9,13,0,-1,-1,13),(1098,9,14,0,-1,-1,13),(1099,9,15,0,-1,-1,13),(1100,9,16,0,-1,-1,13),(1101,9,17,0,-1,-1,13),(1102,9,18,0,-1,-1,13),(1103,9,19,0,-1,-1,13),(1104,9,20,0,-1,-1,13),(1105,9,21,0,-1,-1,13),(1106,9,22,0,-1,-1,13),(1107,9,23,0,-1,-1,13),(1108,9,24,0,-1,-1,13),(1109,9,25,0,-1,-1,13),(1110,9,26,0,-1,-1,13),(1111,9,27,0,-1,-1,13),(1112,9,28,0,-1,-1,13),(1113,9,29,0,-1,-1,13),(1114,9,30,0,-1,-1,13),(1115,9,31,0,-1,-1,13),(1116,10,0,0,-1,-1,13),(1117,10,1,0,-1,-1,13),(1118,10,2,0,-1,-1,13),(1119,10,3,0,-1,-1,13),(1120,10,4,0,-1,-1,13),(1121,10,5,0,-1,-1,13),(1122,10,6,0,-1,-1,13),(1123,10,7,0,-1,-1,13),(1124,10,8,0,-1,-1,13),(1125,10,9,0,-1,-1,13),(1126,10,10,0,-1,-1,13),(1127,10,11,0,-1,-1,13),(1128,10,12,0,-1,-1,13),(1129,10,13,0,-1,-1,13),(1130,10,14,0,-1,-1,13),(1131,10,15,0,-1,-1,13),(1132,10,16,0,-1,-1,13),(1133,10,17,0,-1,-1,13),(1134,10,18,0,-1,-1,13),(1135,10,19,0,-1,-1,13),(1136,10,20,0,-1,-1,13),(1137,10,21,0,-1,-1,13),(1138,10,22,0,-1,-1,13),(1139,10,23,0,-1,-1,13),(1140,10,24,0,-1,-1,13),(1141,10,25,0,-1,-1,13),(1142,10,26,0,-1,-1,13),(1143,10,27,0,-1,-1,13),(1144,10,28,0,-1,-1,13),(1145,10,29,0,-1,-1,13),(1146,10,30,0,-1,-1,13),(1147,10,31,0,-1,-1,13),(1148,10,32,0,13,1,13),(1149,11,0,0,-1,-1,13),(1150,11,1,0,-1,-1,13),(1151,11,2,0,-1,-1,13),(1152,11,3,0,-1,-1,13),(1153,11,4,0,-1,-1,13),(1154,11,5,0,-1,-1,13),(1155,11,6,0,-1,-1,13),(1156,11,7,0,-1,-1,13),(1157,11,8,0,-1,-1,13),(1158,11,9,0,-1,-1,13),(1159,11,10,0,-1,-1,13),(1160,11,11,0,-1,-1,13),(1161,11,12,0,-1,-1,13),(1162,11,13,0,-1,-1,13),(1163,11,14,0,-1,-1,13),(1164,11,15,0,-1,-1,13),(1165,11,16,0,-1,-1,13),(1166,11,17,0,-1,-1,13),(1167,11,18,0,-1,-1,13),(1168,11,19,0,-1,-1,13),(1169,11,20,0,-1,-1,13),(1170,11,21,0,-1,-1,13),(1171,11,22,0,-1,-1,13),(1172,11,23,0,-1,-1,13),(1173,11,24,0,-1,-1,13),(1174,11,25,0,-1,-1,13),(1175,11,26,0,-1,-1,13),(1176,11,27,0,-1,-1,13),(1177,11,28,0,-1,-1,13),(1178,11,29,0,-1,-1,13),(1179,11,30,0,-1,-1,13),(1180,11,31,0,-1,-1,13),(1181,11,32,0,14,1,13),(1182,12,0,0,-1,-1,13),(1183,12,1,0,-1,-1,13),(1184,12,2,0,-1,-1,13),(1185,12,3,0,-1,-1,13),(1186,12,4,0,-1,-1,13),(1187,12,5,0,-1,-1,13),(1188,12,6,0,-1,-1,13),(1189,12,7,0,-1,-1,13),(1190,12,8,0,-1,-1,13),(1191,12,9,0,-1,-1,13),(1192,12,10,0,-1,-1,13),(1193,12,11,0,-1,-1,13),(1194,12,12,0,-1,-1,13),(1195,12,13,0,-1,-1,13),(1196,12,14,0,-1,-1,13),(1197,12,15,0,-1,-1,13),(1198,12,16,0,-1,-1,13),(1199,12,17,0,-1,-1,13),(1200,12,18,0,-1,-1,13),(1201,12,19,0,-1,-1,13),(1202,12,20,0,-1,-1,13),(1203,12,21,0,-1,-1,13),(1204,12,22,0,-1,-1,13),(1205,12,23,0,-1,-1,13),(1206,12,24,0,-1,-1,13),(1207,12,25,0,-1,-1,13),(1208,12,26,0,-1,-1,13),(1209,12,27,0,-1,-1,13),(1210,12,28,0,-1,-1,13),(1211,12,29,0,-1,-1,13),(1212,12,30,0,-1,-1,13),(1213,12,31,0,-1,-1,13),(1214,13,0,0,-1,-1,13),(1215,13,1,0,-1,-1,13),(1216,13,2,0,-1,-1,13),(1217,13,3,0,-1,-1,13),(1218,13,4,0,-1,-1,13),(1219,13,5,0,-1,-1,13),(1220,13,6,0,-1,-1,13),(1221,13,7,0,-1,-1,13),(1222,13,8,0,-1,-1,13),(1223,13,9,0,-1,-1,13),(1224,13,10,0,-1,-1,13),(1225,13,11,0,-1,-1,13),(1226,13,12,0,-1,-1,13),(1227,13,13,0,-1,-1,13),(1228,13,14,0,-1,-1,13),(1229,13,15,0,-1,-1,13),(1230,13,16,0,-1,-1,13),(1231,13,17,0,-1,-1,13),(1232,13,18,0,-1,-1,13),(1233,13,19,0,-1,-1,13),(1234,13,20,0,-1,-1,13),(1235,13,21,0,-1,-1,13),(1236,13,22,0,-1,-1,13),(1237,13,23,0,-1,-1,13),(1238,13,24,0,-1,-1,13),(1239,13,25,0,-1,-1,13),(1240,13,26,0,-1,-1,13),(1241,13,27,0,-1,-1,13),(1242,13,28,0,-1,-1,13),(1243,13,29,0,-1,-1,13),(1244,13,30,0,-1,-1,13),(1245,13,31,0,-1,-1,13),(1246,14,0,0,-1,-1,13),(1247,14,1,0,-1,-1,13),(1248,14,2,0,-1,-1,13),(1249,14,3,0,-1,-1,13),(1250,14,4,0,-1,-1,13),(1251,14,5,0,-1,-1,13),(1252,14,6,0,-1,-1,13),(1253,14,7,0,-1,-1,13),(1254,14,8,0,-1,-1,13),(1255,14,9,0,-1,-1,13),(1256,14,10,0,-1,-1,13),(1257,14,11,0,-1,-1,13),(1258,14,12,0,-1,-1,13),(1259,14,13,0,-1,-1,13),(1260,14,14,0,-1,-1,13),(1261,14,15,0,-1,-1,13),(1262,14,16,0,-1,-1,13),(1263,14,17,0,-1,-1,13),(1264,14,18,0,-1,-1,13),(1265,14,19,0,-1,-1,13),(1266,14,20,0,-1,-1,13),(1267,14,21,0,-1,-1,13),(1268,14,22,0,-1,-1,13),(1269,14,23,0,-1,-1,13),(1270,14,24,0,-1,-1,13),(1271,14,25,0,-1,-1,13),(1272,14,26,0,-1,-1,13),(1273,14,27,0,-1,-1,13),(1274,14,28,0,-1,-1,13),(1275,14,29,0,-1,-1,13),(1276,14,30,0,-1,-1,13),(1277,14,31,0,-1,-1,13),(1278,15,0,0,-1,-1,13),(1279,15,1,0,-1,-1,13),(1280,15,2,0,-1,-1,13),(1281,15,3,0,-1,-1,13),(1282,15,4,0,-1,-1,13),(1283,15,5,0,-1,-1,13),(1284,15,6,0,-1,-1,13),(1285,15,7,0,-1,-1,13),(1286,15,8,0,-1,-1,13),(1287,15,9,0,-1,-1,13),(1288,15,10,0,-1,-1,13),(1289,15,11,0,-1,-1,13),(1290,15,12,0,-1,-1,13),(1291,15,13,0,-1,-1,13),(1292,15,14,0,-1,-1,13),(1293,15,15,0,-1,-1,13),(1294,15,16,0,-1,-1,13),(1295,15,17,0,-1,-1,13),(1296,15,18,0,-1,-1,13),(1297,15,19,0,-1,-1,13),(1298,15,20,0,-1,-1,13),(1299,15,21,0,-1,-1,13),(1300,15,22,0,-1,-1,13),(1301,15,23,0,-1,-1,13),(1302,15,24,0,-1,-1,13),(1303,15,25,0,-1,-1,13),(1304,15,26,0,-1,-1,13),(1305,15,27,0,-1,-1,13),(1306,15,28,0,-1,-1,13),(1307,15,29,0,-1,-1,13),(1308,15,30,0,-1,-1,13),(1309,15,31,0,-1,-1,13),(1310,16,0,0,-1,-1,13),(1311,16,1,0,-1,-1,13),(1312,16,2,0,-1,-1,13),(1313,16,3,0,-1,-1,13),(1314,16,4,0,-1,-1,13),(1315,16,5,0,-1,-1,13),(1316,16,6,0,-1,-1,13),(1317,16,7,0,-1,-1,13),(1318,16,8,0,-1,-1,13),(1319,16,9,0,-1,-1,13),(1320,16,10,0,-1,-1,13),(1321,16,11,0,-1,-1,13),(1322,16,12,0,-1,-1,13),(1323,16,13,0,-1,-1,13),(1324,16,14,0,-1,-1,13),(1325,16,15,0,-1,-1,13),(1326,16,16,0,-1,-1,13),(1327,16,17,0,-1,-1,13),(1328,16,18,0,-1,-1,13),(1329,16,19,0,-1,-1,13),(1330,16,20,0,-1,-1,13),(1331,16,21,0,-1,-1,13),(1332,16,22,0,-1,-1,13),(1333,16,23,0,-1,-1,13),(1334,16,24,0,-1,-1,13),(1335,16,25,0,-1,-1,13),(1336,16,26,0,-1,-1,13),(1337,16,27,0,-1,-1,13),(1338,16,28,0,-1,-1,13),(1339,16,29,0,-1,-1,13),(1340,16,30,0,-1,-1,13),(1341,16,31,0,-1,-1,13),(1342,0,0,0,-1,-1,14),(1343,0,1,0,-1,-1,14),(1344,0,2,0,-1,-1,14),(1345,0,3,0,-1,-1,14),(1346,0,4,0,-1,-1,14),(1347,0,5,0,-1,-1,14),(1348,0,6,0,-1,-1,14),(1349,0,7,0,-1,-1,14),(1350,0,8,0,-1,-1,14),(1351,0,9,0,-1,-1,14),(1352,0,10,0,-1,-1,14),(1353,0,11,0,-1,-1,14),(1354,0,12,0,-1,-1,14),(1355,0,13,0,-1,-1,14),(1356,0,14,0,-1,-1,14),(1357,0,15,0,-1,-1,14),(1358,0,16,0,-1,-1,14),(1359,0,17,0,-1,-1,14),(1360,0,18,0,-1,-1,14),(1361,0,19,0,-1,-1,14),(1362,0,20,0,-1,-1,14),(1363,0,21,0,-1,-1,14),(1364,0,22,0,-1,-1,14),(1365,0,23,0,-1,-1,14),(1366,0,24,0,-1,-1,14),(1367,0,25,0,-1,-1,14),(1368,0,26,0,-1,-1,14),(1369,0,27,0,-1,-1,14),(1370,0,28,0,-1,-1,14),(1371,0,29,0,-1,-1,14),(1372,0,30,0,-1,-1,14),(1373,0,31,0,-1,-1,14),(1374,0,32,0,-1,-1,14),(1375,0,33,0,-1,-1,14),(1376,0,34,0,-1,-1,14),(1377,0,35,0,-1,-1,14),(1378,0,36,0,-1,-1,14),(1379,0,37,0,-1,-1,14),(1380,1,0,0,-1,-1,14),(1381,1,1,0,-1,-1,14),(1382,1,2,0,-1,-1,14),(1383,1,3,0,-1,-1,14),(1384,1,4,0,-1,-1,14),(1385,1,5,0,-1,-1,14),(1386,1,6,0,-1,-1,14),(1387,1,7,0,-1,-1,14),(1388,1,8,0,-1,-1,14),(1389,1,9,0,-1,-1,14),(1390,1,10,0,-1,-1,14),(1391,1,11,0,-1,-1,14),(1392,1,12,0,-1,-1,14),(1393,1,13,0,-1,-1,14),(1394,1,14,0,-1,-1,14),(1395,1,15,0,-1,-1,14),(1396,1,16,0,-1,-1,14),(1397,1,17,0,-1,-1,14),(1398,1,18,0,-1,-1,14),(1399,1,19,0,-1,-1,14),(1400,1,20,0,-1,-1,14),(1401,1,21,0,-1,-1,14),(1402,1,22,0,-1,-1,14),(1403,1,23,0,-1,-1,14),(1404,1,24,0,-1,-1,14),(1405,1,25,0,-1,-1,14),(1406,1,26,0,-1,-1,14),(1407,1,27,0,-1,-1,14),(1408,1,28,0,-1,-1,14),(1409,1,29,0,-1,-1,14),(1410,1,30,0,-1,-1,14),(1411,1,31,0,-1,-1,14),(1412,1,32,0,-1,-1,14),(1413,2,0,0,-1,-1,14),(1414,2,1,0,-1,-1,14),(1415,2,2,0,-1,-1,14),(1416,2,3,0,-1,-1,14),(1417,2,4,0,-1,-1,14),(1418,2,5,0,-1,-1,14),(1419,2,6,0,-1,-1,14),(1420,2,7,0,-1,-1,14),(1421,2,8,0,-1,-1,14),(1422,2,9,0,-1,-1,14),(1423,2,10,0,-1,-1,14),(1424,2,11,0,-1,-1,14),(1425,2,12,0,-1,-1,14),(1426,2,13,0,-1,-1,14),(1427,2,14,0,-1,-1,14),(1428,2,15,0,-1,-1,14),(1429,2,16,0,-1,-1,14),(1430,2,17,0,-1,-1,14),(1431,2,18,0,-1,-1,14),(1432,2,19,0,-1,-1,14),(1433,2,20,0,-1,-1,14),(1434,2,21,0,-1,-1,14),(1435,2,22,0,-1,-1,14),(1436,2,23,0,-1,-1,14),(1437,2,24,0,-1,-1,14),(1438,2,25,0,-1,-1,14),(1439,2,26,0,-1,-1,14),(1440,2,27,0,-1,-1,14),(1441,2,28,0,-1,-1,14),(1442,2,29,0,-1,-1,14),(1443,2,30,0,-1,-1,14),(1444,2,31,0,-1,-1,14),(1445,2,32,0,-1,-1,14),(1446,3,0,0,-1,-1,14),(1447,3,1,0,-1,-1,14),(1448,3,2,0,-1,-1,14),(1449,3,3,0,-1,-1,14),(1450,3,4,0,-1,-1,14),(1451,3,5,0,-1,-1,14),(1452,3,6,0,-1,-1,14),(1453,3,7,0,-1,-1,14),(1454,3,8,0,-1,-1,14),(1455,3,9,0,-1,-1,14),(1456,3,10,0,-1,-1,14),(1457,3,11,0,-1,-1,14),(1458,3,12,0,-1,-1,14),(1459,3,13,0,-1,-1,14),(1460,3,14,0,-1,-1,14),(1461,3,15,0,-1,-1,14),(1462,3,16,0,-1,-1,14),(1463,3,17,0,-1,-1,14),(1464,3,18,0,-1,-1,14),(1465,3,19,0,-1,-1,14),(1466,3,20,0,-1,-1,14),(1467,3,21,0,-1,-1,14),(1468,3,22,0,-1,-1,14),(1469,3,23,0,-1,-1,14),(1470,3,24,0,-1,-1,14),(1471,3,25,0,-1,-1,14),(1472,3,26,0,-1,-1,14),(1473,3,27,0,-1,-1,14),(1474,3,28,0,-1,-1,14),(1475,3,29,0,-1,-1,14),(1476,3,30,0,-1,-1,14),(1477,3,31,0,-1,-1,14),(1478,3,32,0,-1,-1,14),(1479,4,0,0,-1,-1,14),(1480,4,1,0,-1,-1,14),(1481,4,2,0,-1,-1,14),(1482,4,3,0,-1,-1,14),(1483,4,4,0,-1,-1,14),(1484,4,5,0,-1,-1,14),(1485,4,6,0,-1,-1,14),(1486,4,7,0,-1,-1,14),(1487,4,8,0,-1,-1,14),(1488,4,9,0,-1,-1,14),(1489,4,10,0,-1,-1,14),(1490,4,11,0,-1,-1,14),(1491,4,12,0,-1,-1,14),(1492,4,13,0,-1,-1,14),(1493,4,14,0,-1,-1,14),(1494,4,15,0,-1,-1,14),(1495,4,16,0,-1,-1,14),(1496,4,17,0,-1,-1,14),(1497,4,18,0,-1,-1,14),(1498,4,19,0,-1,-1,14),(1499,4,20,0,-1,-1,14),(1500,4,21,0,-1,-1,14),(1501,4,22,0,-1,-1,14),(1502,4,23,0,-1,-1,14),(1503,4,24,0,-1,-1,14),(1504,4,25,0,-1,-1,14),(1505,4,26,0,-1,-1,14),(1506,4,27,0,-1,-1,14),(1507,4,28,0,-1,-1,14),(1508,4,29,0,-1,-1,14),(1509,4,30,0,-1,-1,14),(1510,4,31,0,-1,-1,14),(1511,4,32,0,-1,-1,14),(1512,5,0,0,-1,-1,14),(1513,5,1,0,-1,-1,14),(1514,5,2,0,-1,-1,14),(1515,5,3,0,-1,-1,14),(1516,5,4,0,-1,-1,14),(1517,5,5,0,-1,-1,14),(1518,5,6,0,-1,-1,14),(1519,5,7,0,-1,-1,14),(1520,5,8,0,-1,-1,14),(1521,5,9,0,-1,-1,14),(1522,5,10,0,-1,-1,14),(1523,5,11,0,-1,-1,14),(1524,5,12,0,-1,-1,14),(1525,5,13,0,-1,-1,14),(1526,5,14,0,-1,-1,14),(1527,5,15,0,-1,-1,14),(1528,5,16,0,-1,-1,14),(1529,5,17,0,-1,-1,14),(1530,5,18,0,-1,-1,14),(1531,5,19,0,-1,-1,14),(1532,5,20,0,-1,-1,14),(1533,5,21,0,-1,-1,14),(1534,5,22,0,-1,-1,14),(1535,5,23,0,-1,-1,14),(1536,5,24,0,-1,-1,14),(1537,5,25,0,-1,-1,14),(1538,5,26,0,-1,-1,14),(1539,5,27,0,-1,-1,14),(1540,5,28,0,-1,-1,14),(1541,5,29,0,-1,-1,14),(1542,5,30,0,-1,-1,14),(1543,5,31,0,-1,-1,14),(1544,5,32,0,-1,-1,14),(1545,6,0,0,-1,-1,14),(1546,6,1,0,-1,-1,14),(1547,6,2,0,-1,-1,14),(1548,6,3,0,-1,-1,14),(1549,6,4,0,-1,-1,14),(1550,6,5,0,-1,-1,14),(1551,6,6,0,-1,-1,14),(1552,6,7,0,-1,-1,14),(1553,6,8,0,-1,-1,14),(1554,6,9,0,-1,-1,14),(1555,6,10,0,-1,-1,14),(1556,6,11,0,-1,-1,14),(1557,6,12,0,-1,-1,14),(1558,6,13,0,-1,-1,14),(1559,6,14,0,-1,-1,14),(1560,6,15,0,-1,-1,14),(1561,6,16,0,-1,-1,14),(1562,6,17,0,-1,-1,14),(1563,6,18,0,-1,-1,14),(1564,6,19,0,-1,-1,14),(1565,6,20,0,-1,-1,14),(1566,6,21,0,-1,-1,14),(1567,6,22,0,-1,-1,14),(1568,6,23,0,-1,-1,14),(1569,6,24,0,-1,-1,14),(1570,6,25,0,-1,-1,14),(1571,6,26,0,-1,-1,14),(1572,6,27,0,-1,-1,14),(1573,6,28,0,-1,-1,14),(1574,6,29,0,-1,-1,14),(1575,6,30,0,-1,-1,14),(1576,6,31,0,-1,-1,14),(1577,6,32,0,-1,-1,14),(1578,7,0,0,-1,-1,14),(1579,7,1,0,-1,-1,14),(1580,7,2,0,-1,-1,14),(1581,7,3,0,-1,-1,14),(1582,7,4,0,-1,-1,14),(1583,7,5,0,-1,-1,14),(1584,7,6,0,-1,-1,14),(1585,7,7,0,-1,-1,14),(1586,7,8,0,-1,-1,14),(1587,7,9,0,-1,-1,14),(1588,7,10,0,-1,-1,14),(1589,7,11,0,-1,-1,14),(1590,7,12,0,-1,-1,14),(1591,7,13,0,-1,-1,14),(1592,7,14,0,-1,-1,14),(1593,7,15,0,-1,-1,14),(1594,7,16,0,-1,-1,14),(1595,7,17,0,-1,-1,14),(1596,7,18,0,-1,-1,14),(1597,7,19,0,-1,-1,14),(1598,7,20,0,-1,-1,14),(1599,7,21,0,-1,-1,14),(1600,7,22,0,-1,-1,14),(1601,7,23,0,-1,-1,14),(1602,7,24,0,-1,-1,14),(1603,7,25,0,-1,-1,14),(1604,7,26,0,-1,-1,14),(1605,7,27,0,-1,-1,14),(1606,7,28,0,-1,-1,14),(1607,7,29,0,-1,-1,14),(1608,7,30,0,-1,-1,14),(1609,7,31,0,-1,-1,14),(1610,7,32,0,-1,-1,14),(1611,8,0,0,-1,-1,14),(1612,8,1,0,-1,-1,14),(1613,8,2,0,-1,-1,14),(1614,8,3,0,-1,-1,14),(1615,8,4,0,-1,-1,14),(1616,8,5,0,-1,-1,14),(1617,8,6,0,-1,-1,14),(1618,8,7,0,-1,-1,14),(1619,8,8,0,-1,-1,14),(1620,8,9,0,-1,-1,14),(1621,8,10,0,-1,-1,14),(1622,8,11,0,-1,-1,14),(1623,8,12,0,-1,-1,14),(1624,8,13,0,-1,-1,14),(1625,8,14,0,-1,-1,14),(1626,8,15,0,-1,-1,14),(1627,8,16,0,-1,-1,14),(1628,8,17,0,-1,-1,14),(1629,8,18,0,-1,-1,14),(1630,8,19,0,-1,-1,14),(1631,8,20,0,-1,-1,14),(1632,8,21,0,-1,-1,14),(1633,8,22,0,-1,-1,14),(1634,8,23,0,-1,-1,14),(1635,8,24,0,-1,-1,14),(1636,8,25,0,-1,-1,14),(1637,8,26,0,-1,-1,14),(1638,8,27,0,-1,-1,14),(1639,8,28,0,-1,-1,14),(1640,8,29,0,-1,-1,14),(1641,8,30,0,-1,-1,14),(1642,8,31,0,-1,-1,14),(1643,8,32,0,-1,-1,14),(1644,9,0,0,-1,-1,14),(1645,9,1,0,-1,-1,14),(1646,9,2,0,-1,-1,14),(1647,9,3,0,-1,-1,14),(1648,9,4,0,-1,-1,14),(1649,9,5,0,-1,-1,14),(1650,9,6,0,-1,-1,14),(1651,9,7,0,-1,-1,14),(1652,9,8,0,-1,-1,14),(1653,9,9,0,-1,-1,14),(1654,9,10,0,-1,-1,14),(1655,9,11,0,-1,-1,14),(1656,9,12,0,-1,-1,14),(1657,9,13,0,-1,-1,14),(1658,9,14,0,-1,-1,14),(1659,9,15,0,-1,-1,14),(1660,9,16,0,-1,-1,14),(1661,9,17,0,-1,-1,14),(1662,9,18,0,-1,-1,14),(1663,9,19,0,-1,-1,14),(1664,9,20,0,-1,-1,14),(1665,9,21,0,-1,-1,14),(1666,9,22,0,-1,-1,14),(1667,9,23,0,-1,-1,14),(1668,9,24,0,-1,-1,14),(1669,9,25,0,-1,-1,14),(1670,9,26,0,-1,-1,14),(1671,9,27,0,-1,-1,14),(1672,9,28,0,-1,-1,14),(1673,9,29,0,-1,-1,14),(1674,9,30,0,-1,-1,14),(1675,9,31,0,-1,-1,14),(1676,10,0,0,-1,-1,14),(1677,10,1,0,-1,-1,14),(1678,10,2,0,-1,-1,14),(1679,10,3,0,-1,-1,14),(1680,10,4,0,-1,-1,14),(1681,10,5,0,-1,-1,14),(1682,10,6,0,-1,-1,14),(1683,10,7,0,-1,-1,14),(1684,10,8,0,-1,-1,14),(1685,10,9,0,-1,-1,14),(1686,10,10,0,-1,-1,14),(1687,10,11,0,-1,-1,14),(1688,10,12,0,-1,-1,14),(1689,10,13,0,-1,-1,14),(1690,10,14,0,-1,-1,14),(1691,10,15,0,-1,-1,14),(1692,10,16,0,-1,-1,14),(1693,10,17,0,-1,-1,14),(1694,10,18,0,-1,-1,14),(1695,10,19,0,-1,-1,14),(1696,10,20,0,-1,-1,14),(1697,10,21,0,-1,-1,14),(1698,10,22,0,-1,-1,14),(1699,10,23,0,-1,-1,14),(1700,10,24,0,-1,-1,14),(1701,10,25,0,-1,-1,14),(1702,10,26,0,-1,-1,14),(1703,10,27,0,-1,-1,14),(1704,10,28,0,-1,-1,14),(1705,10,29,0,-1,-1,14),(1706,10,30,0,-1,-1,14),(1707,10,31,0,-1,-1,14),(1708,10,32,0,13,1,14),(1709,11,0,0,-1,-1,14),(1710,11,1,0,-1,-1,14),(1711,11,2,0,-1,-1,14),(1712,11,3,0,-1,-1,14),(1713,11,4,0,-1,-1,14),(1714,11,5,0,-1,-1,14),(1715,11,6,0,-1,-1,14),(1716,11,7,0,-1,-1,14),(1717,11,8,0,-1,-1,14),(1718,11,9,0,-1,-1,14),(1719,11,10,0,-1,-1,14),(1720,11,11,0,-1,-1,14),(1721,11,12,0,-1,-1,14),(1722,11,13,0,-1,-1,14),(1723,11,14,0,-1,-1,14),(1724,11,15,0,-1,-1,14),(1725,11,16,0,-1,-1,14),(1726,11,17,0,-1,-1,14),(1727,11,18,0,-1,-1,14),(1728,11,19,0,-1,-1,14),(1729,11,20,0,-1,-1,14),(1730,11,21,0,-1,-1,14),(1731,11,22,0,-1,-1,14),(1732,11,23,0,-1,-1,14),(1733,11,24,0,-1,-1,14),(1734,11,25,0,-1,-1,14),(1735,11,26,0,-1,-1,14),(1736,11,27,0,-1,-1,14),(1737,11,28,0,-1,-1,14),(1738,11,29,0,-1,-1,14),(1739,11,30,0,-1,-1,14),(1740,11,31,0,-1,-1,14),(1741,11,32,0,14,1,14),(1742,12,0,0,-1,-1,14),(1743,12,1,0,-1,-1,14),(1744,12,2,0,-1,-1,14),(1745,12,3,0,-1,-1,14),(1746,12,4,0,-1,-1,14),(1747,12,5,0,-1,-1,14),(1748,12,6,0,-1,-1,14),(1749,12,7,0,-1,-1,14),(1750,12,8,0,-1,-1,14),(1751,12,9,0,-1,-1,14),(1752,12,10,0,-1,-1,14),(1753,12,11,0,-1,-1,14),(1754,12,12,0,-1,-1,14),(1755,12,13,0,-1,-1,14),(1756,12,14,0,-1,-1,14),(1757,12,15,0,-1,-1,14),(1758,12,16,0,-1,-1,14),(1759,12,17,0,-1,-1,14),(1760,12,18,0,-1,-1,14),(1761,12,19,0,-1,-1,14),(1762,12,20,0,-1,-1,14),(1763,12,21,0,-1,-1,14),(1764,12,22,0,-1,-1,14),(1765,12,23,0,-1,-1,14),(1766,12,24,0,-1,-1,14),(1767,12,25,0,-1,-1,14),(1768,12,26,0,-1,-1,14),(1769,12,27,0,-1,-1,14),(1770,12,28,0,-1,-1,14),(1771,12,29,0,-1,-1,14),(1772,12,30,0,-1,-1,14),(1773,12,31,0,-1,-1,14),(1774,13,0,0,-1,-1,14),(1775,13,1,0,-1,-1,14),(1776,13,2,0,-1,-1,14),(1777,13,3,0,-1,-1,14),(1778,13,4,0,-1,-1,14),(1779,13,5,0,-1,-1,14),(1780,13,6,0,-1,-1,14),(1781,13,7,0,-1,-1,14),(1782,13,8,0,-1,-1,14),(1783,13,9,0,-1,-1,14),(1784,13,10,0,-1,-1,14),(1785,13,11,0,-1,-1,14),(1786,13,12,0,-1,-1,14),(1787,13,13,0,-1,-1,14),(1788,13,14,0,-1,-1,14),(1789,13,15,0,-1,-1,14),(1790,13,16,0,-1,-1,14),(1791,13,17,0,-1,-1,14),(1792,13,18,0,-1,-1,14),(1793,13,19,0,-1,-1,14),(1794,13,20,0,-1,-1,14),(1795,13,21,0,-1,-1,14),(1796,13,22,0,-1,-1,14),(1797,13,23,0,-1,-1,14),(1798,13,24,0,-1,-1,14),(1799,13,25,0,-1,-1,14),(1800,13,26,0,-1,-1,14),(1801,13,27,0,-1,-1,14),(1802,13,28,0,-1,-1,14),(1803,13,29,0,-1,-1,14),(1804,13,30,0,-1,-1,14),(1805,13,31,0,-1,-1,14),(1806,14,0,0,-1,-1,14),(1807,14,1,0,-1,-1,14),(1808,14,2,0,-1,-1,14),(1809,14,3,0,-1,-1,14),(1810,14,4,0,-1,-1,14),(1811,14,5,0,-1,-1,14),(1812,14,6,0,-1,-1,14),(1813,14,7,0,-1,-1,14),(1814,14,8,0,-1,-1,14),(1815,14,9,0,-1,-1,14),(1816,14,10,0,-1,-1,14),(1817,14,11,0,-1,-1,14),(1818,14,12,0,-1,-1,14),(1819,14,13,0,-1,-1,14),(1820,14,14,0,-1,-1,14),(1821,14,15,0,-1,-1,14),(1822,14,16,0,-1,-1,14),(1823,14,17,0,-1,-1,14),(1824,14,18,0,-1,-1,14),(1825,14,19,0,-1,-1,14),(1826,14,20,0,-1,-1,14),(1827,14,21,0,-1,-1,14),(1828,14,22,0,-1,-1,14),(1829,14,23,0,-1,-1,14),(1830,14,24,0,-1,-1,14),(1831,14,25,0,-1,-1,14),(1832,14,26,0,-1,-1,14),(1833,14,27,0,-1,-1,14),(1834,14,28,0,-1,-1,14),(1835,14,29,0,-1,-1,14),(1836,14,30,0,-1,-1,14),(1837,14,31,0,-1,-1,14),(1838,15,0,0,-1,-1,14),(1839,15,1,0,-1,-1,14),(1840,15,2,0,-1,-1,14),(1841,15,3,0,-1,-1,14),(1842,15,4,0,-1,-1,14),(1843,15,5,0,-1,-1,14),(1844,15,6,0,-1,-1,14),(1845,15,7,0,-1,-1,14),(1846,15,8,0,-1,-1,14),(1847,15,9,0,-1,-1,14),(1848,15,10,0,-1,-1,14),(1849,15,11,0,-1,-1,14),(1850,15,12,0,-1,-1,14),(1851,15,13,0,-1,-1,14),(1852,15,14,0,-1,-1,14),(1853,15,15,0,-1,-1,14),(1854,15,16,0,-1,-1,14),(1855,15,17,0,-1,-1,14),(1856,15,18,0,-1,-1,14),(1857,15,19,0,-1,-1,14),(1858,15,20,0,-1,-1,14),(1859,15,21,0,-1,-1,14),(1860,15,22,0,-1,-1,14),(1861,15,23,0,-1,-1,14),(1862,15,24,0,-1,-1,14),(1863,15,25,0,-1,-1,14),(1864,15,26,0,-1,-1,14),(1865,15,27,0,-1,-1,14),(1866,15,28,0,-1,-1,14),(1867,15,29,0,-1,-1,14),(1868,15,30,0,-1,-1,14),(1869,15,31,0,-1,-1,14),(1870,16,0,0,-1,-1,14),(1871,16,1,0,-1,-1,14),(1872,16,2,0,-1,-1,14),(1873,16,3,0,-1,-1,14),(1874,16,4,0,-1,-1,14),(1875,16,5,0,-1,-1,14),(1876,16,6,0,-1,-1,14),(1877,16,7,0,-1,-1,14),(1878,16,8,0,-1,-1,14),(1879,16,9,0,-1,-1,14),(1880,16,10,0,-1,-1,14),(1881,16,11,0,-1,-1,14),(1882,16,12,0,-1,-1,14),(1883,16,13,0,-1,-1,14),(1884,16,14,0,-1,-1,14),(1885,16,15,0,-1,-1,14),(1886,16,16,0,-1,-1,14),(1887,16,17,0,-1,-1,14),(1888,16,18,0,-1,-1,14),(1889,16,19,0,-1,-1,14),(1890,16,20,0,-1,-1,14),(1891,16,21,0,-1,-1,14),(1892,16,22,0,-1,-1,14),(1893,16,23,0,-1,-1,14),(1894,16,24,0,-1,-1,14),(1895,16,25,0,-1,-1,14),(1896,16,26,0,-1,-1,14),(1897,16,27,0,-1,-1,14),(1898,16,28,0,-1,-1,14),(1899,16,29,0,-1,-1,14),(1900,16,30,0,-1,-1,14),(1901,16,31,0,-1,-1,14),(1902,0,0,0,-1,-1,15),(1903,0,1,0,-1,-1,15),(1904,0,2,0,-1,-1,15),(1905,0,3,0,-1,-1,15),(1906,0,4,0,-1,-1,15),(1907,0,5,0,-1,-1,15),(1908,0,6,0,-1,-1,15),(1909,0,7,0,-1,-1,15),(1910,0,8,0,-1,-1,15),(1911,0,9,0,-1,-1,15),(1912,0,10,0,-1,-1,15),(1913,0,11,0,-1,-1,15),(1914,0,12,0,-1,-1,15),(1915,0,13,0,-1,-1,15),(1916,0,14,0,-1,-1,15),(1917,0,15,0,-1,-1,15),(1918,0,16,0,-1,-1,15),(1919,0,17,0,-1,-1,15),(1920,0,18,0,-1,-1,15),(1921,0,19,0,-1,-1,15),(1922,0,20,0,-1,-1,15),(1923,0,21,0,-1,-1,15),(1924,0,22,0,-1,-1,15),(1925,0,23,0,-1,-1,15),(1926,0,24,0,-1,-1,15),(1927,0,25,0,-1,-1,15),(1928,0,26,0,-1,-1,15),(1929,0,27,0,-1,-1,15),(1930,0,28,0,-1,-1,15),(1931,0,29,0,-1,-1,15),(1932,0,30,0,-1,-1,15),(1933,0,31,0,-1,-1,15),(1934,0,32,0,-1,-1,15),(1935,0,33,0,-1,-1,15),(1936,0,34,0,-1,-1,15),(1937,0,35,0,-1,-1,15),(1938,0,36,0,-1,-1,15),(1939,0,37,0,-1,-1,15),(1940,1,0,0,-1,-1,15),(1941,1,1,0,-1,-1,15),(1942,1,2,0,-1,-1,15),(1943,1,3,0,-1,-1,15),(1944,1,4,0,-1,-1,15),(1945,1,5,0,-1,-1,15),(1946,1,6,0,-1,-1,15),(1947,1,7,0,-1,-1,15),(1948,1,8,0,-1,-1,15),(1949,1,9,0,-1,-1,15),(1950,1,10,0,-1,-1,15),(1951,1,11,0,-1,-1,15),(1952,1,12,0,-1,-1,15),(1953,1,13,0,-1,-1,15),(1954,1,14,0,-1,-1,15),(1955,1,15,0,-1,-1,15),(1956,1,16,0,-1,-1,15),(1957,1,17,0,-1,-1,15),(1958,1,18,0,-1,-1,15),(1959,1,19,0,-1,-1,15),(1960,1,20,0,-1,-1,15),(1961,1,21,0,-1,-1,15),(1962,1,22,0,-1,-1,15),(1963,1,23,0,-1,-1,15),(1964,1,24,0,-1,-1,15),(1965,1,25,0,-1,-1,15),(1966,1,26,0,-1,-1,15),(1967,1,27,0,-1,-1,15),(1968,1,28,0,-1,-1,15),(1969,1,29,0,-1,-1,15),(1970,1,30,0,-1,-1,15),(1971,1,31,0,-1,-1,15),(1972,1,32,0,-1,-1,15),(1973,2,0,0,-1,-1,15),(1974,2,1,0,-1,-1,15),(1975,2,2,0,-1,-1,15),(1976,2,3,0,-1,-1,15),(1977,2,4,0,-1,-1,15),(1978,2,5,0,-1,-1,15),(1979,2,6,0,-1,-1,15),(1980,2,7,0,-1,-1,15),(1981,2,8,0,-1,-1,15),(1982,2,9,0,-1,-1,15),(1983,2,10,0,-1,-1,15),(1984,2,11,0,-1,-1,15),(1985,2,12,0,-1,-1,15),(1986,2,13,0,-1,-1,15),(1987,2,14,0,-1,-1,15),(1988,2,15,0,-1,-1,15),(1989,2,16,0,-1,-1,15),(1990,2,17,0,-1,-1,15),(1991,2,18,0,-1,-1,15),(1992,2,19,0,-1,-1,15),(1993,2,20,0,-1,-1,15),(1994,2,21,0,-1,-1,15),(1995,2,22,0,-1,-1,15),(1996,2,23,0,-1,-1,15),(1997,2,24,0,-1,-1,15),(1998,2,25,0,-1,-1,15),(1999,2,26,0,-1,-1,15),(2000,2,27,0,-1,-1,15),(2001,2,28,0,-1,-1,15),(2002,2,29,0,-1,-1,15),(2003,2,30,0,-1,-1,15),(2004,2,31,0,-1,-1,15),(2005,2,32,0,-1,-1,15),(2006,3,0,0,-1,-1,15),(2007,3,1,0,-1,-1,15),(2008,3,2,0,-1,-1,15),(2009,3,3,0,-1,-1,15),(2010,3,4,0,-1,-1,15),(2011,3,5,0,-1,-1,15),(2012,3,6,0,-1,-1,15),(2013,3,7,0,-1,-1,15),(2014,3,8,0,-1,-1,15),(2015,3,9,0,-1,-1,15),(2016,3,10,0,-1,-1,15),(2017,3,11,0,-1,-1,15),(2018,3,12,0,-1,-1,15),(2019,3,13,0,-1,-1,15),(2020,3,14,0,-1,-1,15),(2021,3,15,0,-1,-1,15),(2022,3,16,0,-1,-1,15),(2023,3,17,0,-1,-1,15),(2024,3,18,0,-1,-1,15),(2025,3,19,0,-1,-1,15),(2026,3,20,0,-1,-1,15),(2027,3,21,0,-1,-1,15),(2028,3,22,0,-1,-1,15),(2029,3,23,0,-1,-1,15),(2030,3,24,0,-1,-1,15),(2031,3,25,0,-1,-1,15),(2032,3,26,0,-1,-1,15),(2033,3,27,0,-1,-1,15),(2034,3,28,0,-1,-1,15),(2035,3,29,0,-1,-1,15),(2036,3,30,0,-1,-1,15),(2037,3,31,0,-1,-1,15),(2038,3,32,0,-1,-1,15),(2039,4,0,0,-1,-1,15),(2040,4,1,0,-1,-1,15),(2041,4,2,0,-1,-1,15),(2042,4,3,0,-1,-1,15),(2043,4,4,0,-1,-1,15),(2044,4,5,0,-1,-1,15),(2045,4,6,0,-1,-1,15),(2046,4,7,0,-1,-1,15),(2047,4,8,0,-1,-1,15),(2048,4,9,0,-1,-1,15),(2049,4,10,0,-1,-1,15),(2050,4,11,0,-1,-1,15),(2051,4,12,0,-1,-1,15),(2052,4,13,0,-1,-1,15),(2053,4,14,0,-1,-1,15),(2054,4,15,0,-1,-1,15),(2055,4,16,0,-1,-1,15),(2056,4,17,0,-1,-1,15),(2057,4,18,0,-1,-1,15),(2058,4,19,0,-1,-1,15),(2059,4,20,0,-1,-1,15),(2060,4,21,0,-1,-1,15),(2061,4,22,0,-1,-1,15),(2062,4,23,0,-1,-1,15),(2063,4,24,0,-1,-1,15),(2064,4,25,0,-1,-1,15),(2065,4,26,0,-1,-1,15),(2066,4,27,0,-1,-1,15),(2067,4,28,0,-1,-1,15),(2068,4,29,0,-1,-1,15),(2069,4,30,0,-1,-1,15),(2070,4,31,0,-1,-1,15),(2071,4,32,0,-1,-1,15),(2072,5,0,0,-1,-1,15),(2073,5,1,0,-1,-1,15),(2074,5,2,0,-1,-1,15),(2075,5,3,0,-1,-1,15),(2076,5,4,0,-1,-1,15),(2077,5,5,0,-1,-1,15),(2078,5,6,0,-1,-1,15),(2079,5,7,0,-1,-1,15),(2080,5,8,0,-1,-1,15),(2081,5,9,0,-1,-1,15),(2082,5,10,0,-1,-1,15),(2083,5,11,0,-1,-1,15),(2084,5,12,0,-1,-1,15),(2085,5,13,0,-1,-1,15),(2086,5,14,0,-1,-1,15),(2087,5,15,0,-1,-1,15),(2088,5,16,0,-1,-1,15),(2089,5,17,0,-1,-1,15),(2090,5,18,0,-1,-1,15),(2091,5,19,0,-1,-1,15),(2092,5,20,0,-1,-1,15),(2093,5,21,0,-1,-1,15),(2094,5,22,0,-1,-1,15),(2095,5,23,0,-1,-1,15),(2096,5,24,0,-1,-1,15),(2097,5,25,0,-1,-1,15),(2098,5,26,0,-1,-1,15),(2099,5,27,0,-1,-1,15),(2100,5,28,0,-1,-1,15),(2101,5,29,0,-1,-1,15),(2102,5,30,0,-1,-1,15),(2103,5,31,0,-1,-1,15),(2104,5,32,0,-1,-1,15),(2105,6,0,0,-1,-1,15),(2106,6,1,0,-1,-1,15),(2107,6,2,0,-1,-1,15),(2108,6,3,0,-1,-1,15),(2109,6,4,0,-1,-1,15),(2110,6,5,0,-1,-1,15),(2111,6,6,0,-1,-1,15),(2112,6,7,0,-1,-1,15),(2113,6,8,0,-1,-1,15),(2114,6,9,0,-1,-1,15),(2115,6,10,0,-1,-1,15),(2116,6,11,0,-1,-1,15),(2117,6,12,0,-1,-1,15),(2118,6,13,0,-1,-1,15),(2119,6,14,0,-1,-1,15),(2120,6,15,0,-1,-1,15),(2121,6,16,0,-1,-1,15),(2122,6,17,0,-1,-1,15),(2123,6,18,0,-1,-1,15),(2124,6,19,0,-1,-1,15),(2125,6,20,0,-1,-1,15),(2126,6,21,0,-1,-1,15),(2127,6,22,0,-1,-1,15),(2128,6,23,0,-1,-1,15),(2129,6,24,0,-1,-1,15),(2130,6,25,0,-1,-1,15),(2131,6,26,0,-1,-1,15),(2132,6,27,0,-1,-1,15),(2133,6,28,0,-1,-1,15),(2134,6,29,0,-1,-1,15),(2135,6,30,0,-1,-1,15),(2136,6,31,0,-1,-1,15),(2137,6,32,0,-1,-1,15),(2138,7,0,0,-1,-1,15),(2139,7,1,0,-1,-1,15),(2140,7,2,0,-1,-1,15),(2141,7,3,0,-1,-1,15),(2142,7,4,0,-1,-1,15),(2143,7,5,0,-1,-1,15),(2144,7,6,0,-1,-1,15),(2145,7,7,0,-1,-1,15),(2146,7,8,0,-1,-1,15),(2147,7,9,0,-1,-1,15),(2148,7,10,0,-1,-1,15),(2149,7,11,0,-1,-1,15),(2150,7,12,0,-1,-1,15),(2151,7,13,0,-1,-1,15),(2152,7,14,0,-1,-1,15),(2153,7,15,0,-1,-1,15),(2154,7,16,0,-1,-1,15),(2155,7,17,0,-1,-1,15),(2156,7,18,0,-1,-1,15),(2157,7,19,0,-1,-1,15),(2158,7,20,0,-1,-1,15),(2159,7,21,0,-1,-1,15),(2160,7,22,0,-1,-1,15),(2161,7,23,0,-1,-1,15),(2162,7,24,0,-1,-1,15),(2163,7,25,0,-1,-1,15),(2164,7,26,0,-1,-1,15),(2165,7,27,0,-1,-1,15),(2166,7,28,0,-1,-1,15),(2167,7,29,0,-1,-1,15),(2168,7,30,0,-1,-1,15),(2169,7,31,0,-1,-1,15),(2170,7,32,0,-1,-1,15),(2171,8,0,0,-1,-1,15),(2172,8,1,0,-1,-1,15),(2173,8,2,0,-1,-1,15),(2174,8,3,0,-1,-1,15),(2175,8,4,0,-1,-1,15),(2176,8,5,0,-1,-1,15),(2177,8,6,0,-1,-1,15),(2178,8,7,0,-1,-1,15),(2179,8,8,0,-1,-1,15),(2180,8,9,0,-1,-1,15),(2181,8,10,0,-1,-1,15),(2182,8,11,0,-1,-1,15),(2183,8,12,0,-1,-1,15),(2184,8,13,0,-1,-1,15),(2185,8,14,0,-1,-1,15),(2186,8,15,0,-1,-1,15),(2187,8,16,0,-1,-1,15),(2188,8,17,0,-1,-1,15),(2189,8,18,0,-1,-1,15),(2190,8,19,0,-1,-1,15),(2191,8,20,0,-1,-1,15),(2192,8,21,0,-1,-1,15),(2193,8,22,0,-1,-1,15),(2194,8,23,0,-1,-1,15),(2195,8,24,0,-1,-1,15),(2196,8,25,0,-1,-1,15),(2197,8,26,0,-1,-1,15),(2198,8,27,0,-1,-1,15),(2199,8,28,0,-1,-1,15),(2200,8,29,0,-1,-1,15),(2201,8,30,0,-1,-1,15),(2202,8,31,0,-1,-1,15),(2203,8,32,0,-1,-1,15),(2204,9,0,0,-1,-1,15),(2205,9,1,0,-1,-1,15),(2206,9,2,0,-1,-1,15),(2207,9,3,0,-1,-1,15),(2208,9,4,0,-1,-1,15),(2209,9,5,0,-1,-1,15),(2210,9,6,0,-1,-1,15),(2211,9,7,0,-1,-1,15),(2212,9,8,0,-1,-1,15),(2213,9,9,0,-1,-1,15),(2214,9,10,0,-1,-1,15),(2215,9,11,0,-1,-1,15),(2216,9,12,0,-1,-1,15),(2217,9,13,0,-1,-1,15),(2218,9,14,0,-1,-1,15),(2219,9,15,0,-1,-1,15),(2220,9,16,0,-1,-1,15),(2221,9,17,0,-1,-1,15),(2222,9,18,0,-1,-1,15),(2223,9,19,0,-1,-1,15),(2224,9,20,0,-1,-1,15),(2225,9,21,0,-1,-1,15),(2226,9,22,0,-1,-1,15),(2227,9,23,0,-1,-1,15),(2228,9,24,0,-1,-1,15),(2229,9,25,0,-1,-1,15),(2230,9,26,0,-1,-1,15),(2231,9,27,0,-1,-1,15),(2232,9,28,0,-1,-1,15),(2233,9,29,0,-1,-1,15),(2234,9,30,0,-1,-1,15),(2235,9,31,0,-1,-1,15),(2236,10,0,0,-1,-1,15),(2237,10,1,0,-1,-1,15),(2238,10,2,0,-1,-1,15),(2239,10,3,0,-1,-1,15),(2240,10,4,0,-1,-1,15),(2241,10,5,0,-1,-1,15),(2242,10,6,0,-1,-1,15),(2243,10,7,0,-1,-1,15),(2244,10,8,0,-1,-1,15),(2245,10,9,0,-1,-1,15),(2246,10,10,0,-1,-1,15),(2247,10,11,0,-1,-1,15),(2248,10,12,0,-1,-1,15),(2249,10,13,0,-1,-1,15),(2250,10,14,0,-1,-1,15),(2251,10,15,0,-1,-1,15),(2252,10,16,0,-1,-1,15),(2253,10,17,0,-1,-1,15),(2254,10,18,0,-1,-1,15),(2255,10,19,0,-1,-1,15),(2256,10,20,0,-1,-1,15),(2257,10,21,0,-1,-1,15),(2258,10,22,0,-1,-1,15),(2259,10,23,0,-1,-1,15),(2260,10,24,0,-1,-1,15),(2261,10,25,0,-1,-1,15),(2262,10,26,0,-1,-1,15),(2263,10,27,0,-1,-1,15),(2264,10,28,0,-1,-1,15),(2265,10,29,0,-1,-1,15),(2266,10,30,0,-1,-1,15),(2267,10,31,0,-1,-1,15),(2268,10,32,0,13,1,15),(2269,11,0,0,-1,-1,15),(2270,11,1,0,-1,-1,15),(2271,11,2,0,-1,-1,15),(2272,11,3,0,-1,-1,15),(2273,11,4,0,-1,-1,15),(2274,11,5,0,-1,-1,15),(2275,11,6,0,-1,-1,15),(2276,11,7,0,-1,-1,15),(2277,11,8,0,-1,-1,15),(2278,11,9,0,-1,-1,15),(2279,11,10,0,-1,-1,15),(2280,11,11,0,-1,-1,15),(2281,11,12,0,-1,-1,15),(2282,11,13,0,-1,-1,15),(2283,11,14,0,-1,-1,15),(2284,11,15,0,-1,-1,15),(2285,11,16,0,-1,-1,15),(2286,11,17,0,-1,-1,15),(2287,11,18,0,-1,-1,15),(2288,11,19,0,-1,-1,15),(2289,11,20,0,-1,-1,15),(2290,11,21,0,-1,-1,15),(2291,11,22,0,-1,-1,15),(2292,11,23,0,-1,-1,15),(2293,11,24,0,-1,-1,15),(2294,11,25,0,-1,-1,15),(2295,11,26,0,-1,-1,15),(2296,11,27,0,-1,-1,15),(2297,11,28,0,-1,-1,15),(2298,11,29,0,-1,-1,15),(2299,11,30,0,-1,-1,15),(2300,11,31,0,-1,-1,15),(2301,11,32,0,14,1,15),(2302,12,0,0,-1,-1,15),(2303,12,1,0,-1,-1,15),(2304,12,2,0,-1,-1,15),(2305,12,3,0,-1,-1,15),(2306,12,4,0,-1,-1,15),(2307,12,5,0,-1,-1,15),(2308,12,6,0,-1,-1,15),(2309,12,7,0,-1,-1,15),(2310,12,8,0,-1,-1,15),(2311,12,9,0,-1,-1,15),(2312,12,10,0,-1,-1,15),(2313,12,11,0,-1,-1,15),(2314,12,12,0,-1,-1,15),(2315,12,13,0,-1,-1,15),(2316,12,14,0,-1,-1,15),(2317,12,15,0,-1,-1,15),(2318,12,16,0,-1,-1,15),(2319,12,17,0,-1,-1,15),(2320,12,18,0,-1,-1,15),(2321,12,19,0,-1,-1,15),(2322,12,20,0,-1,-1,15),(2323,12,21,0,-1,-1,15),(2324,12,22,0,-1,-1,15),(2325,12,23,0,-1,-1,15),(2326,12,24,0,-1,-1,15),(2327,12,25,0,-1,-1,15),(2328,12,26,0,-1,-1,15),(2329,12,27,0,-1,-1,15),(2330,12,28,0,-1,-1,15),(2331,12,29,0,-1,-1,15),(2332,12,30,0,-1,-1,15),(2333,12,31,0,-1,-1,15),(2334,13,0,0,-1,-1,15),(2335,13,1,0,-1,-1,15),(2336,13,2,0,-1,-1,15),(2337,13,3,0,-1,-1,15),(2338,13,4,0,-1,-1,15),(2339,13,5,0,-1,-1,15),(2340,13,6,0,-1,-1,15),(2341,13,7,0,-1,-1,15),(2342,13,8,0,-1,-1,15),(2343,13,9,0,-1,-1,15),(2344,13,10,0,-1,-1,15),(2345,13,11,0,-1,-1,15),(2346,13,12,0,-1,-1,15),(2347,13,13,0,-1,-1,15),(2348,13,14,0,-1,-1,15),(2349,13,15,0,-1,-1,15),(2350,13,16,0,-1,-1,15),(2351,13,17,0,-1,-1,15),(2352,13,18,0,-1,-1,15),(2353,13,19,0,-1,-1,15),(2354,13,20,0,-1,-1,15),(2355,13,21,0,-1,-1,15),(2356,13,22,0,-1,-1,15),(2357,13,23,0,-1,-1,15),(2358,13,24,0,-1,-1,15),(2359,13,25,0,-1,-1,15),(2360,13,26,0,-1,-1,15),(2361,13,27,0,-1,-1,15),(2362,13,28,0,-1,-1,15),(2363,13,29,0,-1,-1,15),(2364,13,30,0,-1,-1,15),(2365,13,31,0,-1,-1,15),(2366,14,0,0,-1,-1,15),(2367,14,1,0,-1,-1,15),(2368,14,2,0,-1,-1,15),(2369,14,3,0,-1,-1,15),(2370,14,4,0,-1,-1,15),(2371,14,5,0,-1,-1,15),(2372,14,6,0,-1,-1,15),(2373,14,7,0,-1,-1,15),(2374,14,8,0,-1,-1,15),(2375,14,9,0,-1,-1,15),(2376,14,10,0,-1,-1,15),(2377,14,11,0,-1,-1,15),(2378,14,12,0,-1,-1,15),(2379,14,13,0,-1,-1,15),(2380,14,14,0,-1,-1,15),(2381,14,15,0,-1,-1,15),(2382,14,16,0,-1,-1,15),(2383,14,17,0,-1,-1,15),(2384,14,18,0,-1,-1,15),(2385,14,19,0,-1,-1,15),(2386,14,20,0,-1,-1,15),(2387,14,21,0,-1,-1,15),(2388,14,22,0,-1,-1,15),(2389,14,23,0,-1,-1,15),(2390,14,24,0,-1,-1,15),(2391,14,25,0,-1,-1,15),(2392,14,26,0,-1,-1,15),(2393,14,27,0,-1,-1,15),(2394,14,28,0,-1,-1,15),(2395,14,29,0,-1,-1,15),(2396,14,30,0,-1,-1,15),(2397,14,31,0,-1,-1,15),(2398,15,0,0,-1,-1,15),(2399,15,1,0,-1,-1,15),(2400,15,2,0,-1,-1,15),(2401,15,3,0,-1,-1,15),(2402,15,4,0,-1,-1,15),(2403,15,5,0,-1,-1,15),(2404,15,6,0,-1,-1,15),(2405,15,7,0,-1,-1,15),(2406,15,8,0,-1,-1,15),(2407,15,9,0,-1,-1,15),(2408,15,10,0,-1,-1,15),(2409,15,11,0,-1,-1,15),(2410,15,12,0,-1,-1,15),(2411,15,13,0,-1,-1,15),(2412,15,14,0,-1,-1,15),(2413,15,15,0,-1,-1,15),(2414,15,16,0,-1,-1,15),(2415,15,17,0,-1,-1,15),(2416,15,18,0,-1,-1,15),(2417,15,19,0,-1,-1,15),(2418,15,20,0,-1,-1,15),(2419,15,21,0,-1,-1,15),(2420,15,22,0,-1,-1,15),(2421,15,23,0,-1,-1,15),(2422,15,24,0,-1,-1,15),(2423,15,25,0,-1,-1,15),(2424,15,26,0,-1,-1,15),(2425,15,27,0,-1,-1,15),(2426,15,28,0,-1,-1,15),(2427,15,29,0,-1,-1,15),(2428,15,30,0,-1,-1,15),(2429,15,31,0,-1,-1,15),(2430,16,0,0,-1,-1,15),(2431,16,1,0,-1,-1,15),(2432,16,2,0,-1,-1,15),(2433,16,3,0,-1,-1,15),(2434,16,4,0,-1,-1,15),(2435,16,5,0,-1,-1,15),(2436,16,6,0,-1,-1,15),(2437,16,7,0,-1,-1,15),(2438,16,8,0,-1,-1,15),(2439,16,9,0,-1,-1,15),(2440,16,10,0,-1,-1,15),(2441,16,11,0,-1,-1,15),(2442,16,12,0,-1,-1,15),(2443,16,13,0,-1,-1,15),(2444,16,14,0,-1,-1,15),(2445,16,15,0,-1,-1,15),(2446,16,16,0,-1,-1,15),(2447,16,17,0,-1,-1,15),(2448,16,18,0,-1,-1,15),(2449,16,19,0,-1,-1,15),(2450,16,20,0,-1,-1,15),(2451,16,21,0,-1,-1,15),(2452,16,22,0,-1,-1,15),(2453,16,23,0,-1,-1,15),(2454,16,24,0,-1,-1,15),(2455,16,25,0,-1,-1,15),(2456,16,26,0,-1,-1,15),(2457,16,27,0,-1,-1,15),(2458,16,28,0,-1,-1,15),(2459,16,29,0,-1,-1,15),(2460,16,30,0,-1,-1,15),(2461,16,31,0,-1,-1,15),(2462,0,0,0,-1,-1,18),(2463,0,1,0,-1,-1,18),(2464,0,2,0,-1,-1,18),(2465,0,3,0,-1,-1,18),(2466,0,4,0,-1,-1,18),(2467,0,5,0,-1,-1,18),(2468,0,6,0,-1,-1,18),(2469,0,7,0,-1,-1,18),(2470,0,8,0,-1,-1,18),(2471,0,9,0,-1,-1,18),(2472,0,10,0,-1,-1,18),(2473,0,11,0,-1,-1,18),(2474,0,12,0,-1,-1,18),(2475,0,13,0,-1,-1,18),(2476,0,14,0,-1,-1,18),(2477,0,15,0,-1,-1,18),(2478,0,16,0,-1,-1,18),(2479,0,17,0,-1,-1,18),(2480,0,18,0,-1,-1,18),(2481,0,19,0,-1,-1,18),(2482,0,20,0,-1,-1,18),(2483,0,21,0,-1,-1,18),(2484,0,22,0,-1,-1,18),(2485,0,23,0,-1,-1,18),(2486,0,24,0,-1,-1,18),(2487,0,25,0,-1,-1,18),(2488,0,26,0,-1,-1,18),(2489,0,27,0,-1,-1,18),(2490,0,28,0,-1,-1,18),(2491,0,29,0,-1,-1,18),(2492,0,30,0,-1,-1,18),(2493,0,31,0,-1,-1,18),(2494,0,32,0,-1,-1,18),(2495,0,33,0,-1,-1,18),(2496,0,34,0,-1,-1,18),(2497,0,35,0,-1,-1,18),(2498,0,36,0,-1,-1,18),(2499,0,37,0,-1,-1,18),(2500,1,0,0,-1,-1,18),(2501,1,1,0,-1,-1,18),(2502,1,2,0,-1,-1,18),(2503,1,3,0,-1,-1,18),(2504,1,4,0,-1,-1,18),(2505,1,5,0,-1,-1,18),(2506,1,6,0,-1,-1,18),(2507,1,7,0,-1,-1,18),(2508,1,8,0,-1,-1,18),(2509,1,9,0,-1,-1,18),(2510,1,10,0,-1,-1,18),(2511,1,11,0,-1,-1,18),(2512,1,12,0,-1,-1,18),(2513,1,13,0,-1,-1,18),(2514,1,14,0,-1,-1,18),(2515,1,15,1,-1,-1,18),(2516,1,16,1,-1,-1,18),(2517,1,17,1,-1,-1,18),(2518,1,18,1,-1,-1,18),(2519,1,19,1,-1,-1,18),(2520,1,20,0,-1,-1,18),(2521,1,21,0,-1,-1,18),(2522,1,22,0,-1,-1,18),(2523,1,23,0,-1,-1,18),(2524,1,24,0,-1,-1,18),(2525,1,25,0,-1,-1,18),(2526,1,26,0,-1,-1,18),(2527,1,27,0,-1,-1,18),(2528,1,28,0,-1,-1,18),(2529,1,29,0,-1,-1,18),(2530,1,30,0,-1,-1,18),(2531,1,31,0,-1,-1,18),(2532,1,32,0,-1,-1,18),(2533,2,0,0,-1,-1,18),(2534,2,1,0,-1,-1,18),(2535,2,2,0,-1,-1,18),(2536,2,3,0,-1,-1,18),(2537,2,4,0,-1,-1,18),(2538,2,5,0,-1,-1,18),(2539,2,6,0,-1,-1,18),(2540,2,7,0,-1,-1,18),(2541,2,8,0,-1,-1,18),(2542,2,9,0,-1,-1,18),(2543,2,10,0,-1,-1,18),(2544,2,11,0,-1,-1,18),(2545,2,12,0,-1,-1,18),(2546,2,13,0,-1,-1,18),(2547,2,14,0,-1,-1,18),(2548,2,15,1,-1,-1,18),(2549,2,16,1,-1,-1,18),(2550,2,17,1,-1,-1,18),(2551,2,18,1,-1,-1,18),(2552,2,19,1,-1,-1,18),(2553,2,20,0,-1,-1,18),(2554,2,21,0,-1,-1,18),(2555,2,22,0,-1,-1,18),(2556,2,23,0,-1,-1,18),(2557,2,24,0,-1,-1,18),(2558,2,25,0,-1,-1,18),(2559,2,26,0,-1,-1,18),(2560,2,27,0,-1,-1,18),(2561,2,28,0,-1,-1,18),(2562,2,29,0,-1,-1,18),(2563,2,30,0,-1,-1,18),(2564,2,31,0,-1,-1,18),(2565,2,32,0,-1,-1,18),(2566,3,0,0,-1,-1,18),(2567,3,1,0,-1,-1,18),(2568,3,2,0,-1,-1,18),(2569,3,3,0,-1,-1,18),(2570,3,4,0,-1,-1,18),(2571,3,5,0,-1,-1,18),(2572,3,6,0,-1,-1,18),(2573,3,7,0,-1,-1,18),(2574,3,8,0,-1,-1,18),(2575,3,9,0,-1,-1,18),(2576,3,10,0,-1,-1,18),(2577,3,11,0,-1,-1,18),(2578,3,12,0,-1,-1,18),(2579,3,13,0,-1,-1,18),(2580,3,14,0,-1,-1,18),(2581,3,15,1,-1,-1,18),(2582,3,16,1,-1,-1,18),(2583,3,17,1,-1,-1,18),(2584,3,18,1,-1,-1,18),(2585,3,19,1,-1,-1,18),(2586,3,20,0,-1,-1,18),(2587,3,21,0,-1,-1,18),(2588,3,22,0,-1,-1,18),(2589,3,23,0,-1,-1,18),(2590,3,24,0,-1,-1,18),(2591,3,25,0,-1,-1,18),(2592,3,26,0,-1,-1,18),(2593,3,27,0,-1,-1,18),(2594,3,28,0,-1,-1,18),(2595,3,29,0,-1,-1,18),(2596,3,30,0,-1,-1,18),(2597,3,31,0,-1,-1,18),(2598,3,32,0,-1,-1,18),(2599,4,0,0,-1,-1,18),(2600,4,1,0,-1,-1,18),(2601,4,2,0,-1,-1,18),(2602,4,3,0,-1,-1,18),(2603,4,4,0,-1,-1,18),(2604,4,5,0,-1,-1,18),(2605,4,6,0,-1,-1,18),(2606,4,7,0,-1,-1,18),(2607,4,8,0,-1,-1,18),(2608,4,9,0,-1,-1,18),(2609,4,10,0,-1,-1,18),(2610,4,11,0,-1,-1,18),(2611,4,12,0,-1,-1,18),(2612,4,13,0,-1,-1,18),(2613,4,14,0,-1,-1,18),(2614,4,15,1,-1,-1,18),(2615,4,16,1,-1,-1,18),(2616,4,17,1,-1,-1,18),(2617,4,18,1,-1,-1,18),(2618,4,19,1,-1,-1,18),(2619,4,20,0,-1,-1,18),(2620,4,21,0,-1,-1,18),(2621,4,22,0,-1,-1,18),(2622,4,23,0,-1,-1,18),(2623,4,24,0,-1,-1,18),(2624,4,25,0,-1,-1,18),(2625,4,26,0,-1,-1,18),(2626,4,27,0,-1,-1,18),(2627,4,28,0,-1,-1,18),(2628,4,29,0,-1,-1,18),(2629,4,30,0,-1,-1,18),(2630,4,31,0,-1,-1,18),(2631,4,32,0,-1,-1,18),(2632,5,0,0,-1,-1,18),(2633,5,1,0,-1,-1,18),(2634,5,2,0,-1,-1,18),(2635,5,3,0,-1,-1,18),(2636,5,4,0,-1,-1,18),(2637,5,5,0,-1,-1,18),(2638,5,6,0,-1,-1,18),(2639,5,7,0,-1,-1,18),(2640,5,8,0,-1,-1,18),(2641,5,9,0,-1,-1,18),(2642,5,10,0,-1,-1,18),(2643,5,11,0,-1,-1,18),(2644,5,12,0,-1,-1,18),(2645,5,13,0,-1,-1,18),(2646,5,14,0,-1,-1,18),(2647,5,15,1,-1,-1,18),(2648,5,16,1,-1,-1,18),(2649,5,17,1,-1,-1,18),(2650,5,18,1,-1,-1,18),(2651,5,19,1,-1,-1,18),(2652,5,20,0,-1,-1,18),(2653,5,21,0,-1,-1,18),(2654,5,22,0,-1,-1,18),(2655,5,23,0,-1,-1,18),(2656,5,24,0,-1,-1,18),(2657,5,25,0,-1,-1,18),(2658,5,26,0,-1,-1,18),(2659,5,27,0,-1,-1,18),(2660,5,28,0,-1,-1,18),(2661,5,29,0,-1,-1,18),(2662,5,30,0,-1,-1,18),(2663,5,31,0,-1,-1,18),(2664,5,32,0,-1,-1,18),(2665,6,0,0,-1,-1,18),(2666,6,1,0,-1,-1,18),(2667,6,2,0,-1,-1,18),(2668,6,3,0,-1,-1,18),(2669,6,4,0,-1,-1,18),(2670,6,5,0,-1,-1,18),(2671,6,6,0,-1,-1,18),(2672,6,7,0,-1,-1,18),(2673,6,8,0,-1,-1,18),(2674,6,9,0,-1,-1,18),(2675,6,10,0,-1,-1,18),(2676,6,11,0,-1,-1,18),(2677,6,12,0,-1,-1,18),(2678,6,13,0,-1,-1,18),(2679,6,14,0,-1,-1,18),(2680,6,15,1,-1,-1,18),(2681,6,16,1,-1,-1,18),(2682,6,17,1,-1,-1,18),(2683,6,18,1,-1,-1,18),(2684,6,19,1,-1,-1,18),(2685,6,20,0,-1,-1,18),(2686,6,21,0,-1,-1,18),(2687,6,22,0,-1,-1,18),(2688,6,23,0,-1,-1,18),(2689,6,24,0,-1,-1,18),(2690,6,25,0,-1,-1,18),(2691,6,26,0,-1,-1,18),(2692,6,27,0,-1,-1,18),(2693,6,28,0,-1,-1,18),(2694,6,29,0,-1,-1,18),(2695,6,30,0,-1,-1,18),(2696,6,31,0,-1,-1,18),(2697,6,32,0,-1,-1,18),(2698,7,0,0,-1,-1,18),(2699,7,1,0,-1,-1,18),(2700,7,2,0,-1,-1,18),(2701,7,3,0,-1,-1,18),(2702,7,4,0,-1,-1,18),(2703,7,5,0,-1,-1,18),(2704,7,6,0,-1,-1,18),(2705,7,7,0,-1,-1,18),(2706,7,8,0,-1,-1,18),(2707,7,9,0,-1,-1,18),(2708,7,10,0,-1,-1,18),(2709,7,11,0,-1,-1,18),(2710,7,12,0,-1,-1,18),(2711,7,13,0,-1,-1,18),(2712,7,14,0,-1,-1,18),(2713,7,15,1,-1,-1,18),(2714,7,16,1,-1,-1,18),(2715,7,17,1,-1,-1,18),(2716,7,18,1,-1,-1,18),(2717,7,19,1,-1,-1,18),(2718,7,20,0,-1,-1,18),(2719,7,21,0,-1,-1,18),(2720,7,22,0,-1,-1,18),(2721,7,23,0,-1,-1,18),(2722,7,24,0,-1,-1,18),(2723,7,25,0,-1,-1,18),(2724,7,26,0,-1,-1,18),(2725,7,27,0,-1,-1,18),(2726,7,28,0,-1,-1,18),(2727,7,29,0,-1,-1,18),(2728,7,30,0,-1,-1,18),(2729,7,31,0,-1,-1,18),(2730,7,32,0,-1,-1,18),(2731,8,0,0,-1,-1,18),(2732,8,1,0,-1,-1,18),(2733,8,2,0,-1,-1,18),(2734,8,3,0,-1,-1,18),(2735,8,4,0,-1,-1,18),(2736,8,5,0,-1,-1,18),(2737,8,6,0,-1,-1,18),(2738,8,7,0,-1,-1,18),(2739,8,8,0,-1,-1,18),(2740,8,9,0,-1,-1,18),(2741,8,10,0,-1,-1,18),(2742,8,11,0,-1,-1,18),(2743,8,12,0,-1,-1,18),(2744,8,13,0,-1,-1,18),(2745,8,14,0,-1,-1,18),(2746,8,15,1,-1,-1,18),(2747,8,16,1,-1,-1,18),(2748,8,17,1,-1,-1,18),(2749,8,18,1,-1,-1,18),(2750,8,19,1,-1,-1,18),(2751,8,20,0,-1,-1,18),(2752,8,21,0,-1,-1,18),(2753,8,22,0,-1,-1,18),(2754,8,23,0,-1,-1,18),(2755,8,24,0,-1,-1,18),(2756,8,25,0,-1,-1,18),(2757,8,26,0,-1,-1,18),(2758,8,27,0,-1,-1,18),(2759,8,28,0,-1,-1,18),(2760,8,29,0,-1,-1,18),(2761,8,30,0,-1,-1,18),(2762,8,31,0,-1,-1,18),(2763,8,32,0,-1,-1,18),(2764,9,0,0,-1,-1,18),(2765,9,1,0,-1,-1,18),(2766,9,2,0,-1,-1,18),(2767,9,3,0,-1,-1,18),(2768,9,4,0,-1,-1,18),(2769,9,5,0,-1,-1,18),(2770,9,6,0,-1,-1,18),(2771,9,7,0,-1,-1,18),(2772,9,8,0,-1,-1,18),(2773,9,9,0,-1,-1,18),(2774,9,10,0,-1,-1,18),(2775,9,11,0,-1,-1,18),(2776,9,12,0,-1,-1,18),(2777,9,13,0,-1,-1,18),(2778,9,14,0,-1,-1,18),(2779,9,15,1,-1,-1,18),(2780,9,16,1,-1,-1,18),(2781,9,17,1,-1,-1,18),(2782,9,18,1,-1,-1,18),(2783,9,19,1,-1,-1,18),(2784,9,20,0,-1,-1,18),(2785,9,21,0,-1,-1,18),(2786,9,22,0,-1,-1,18),(2787,9,23,0,-1,-1,18),(2788,9,24,0,-1,-1,18),(2789,9,25,0,-1,-1,18),(2790,9,26,0,-1,-1,18),(2791,9,27,0,-1,-1,18),(2792,9,28,0,-1,-1,18),(2793,9,29,0,-1,-1,18),(2794,9,30,0,-1,-1,18),(2795,9,31,0,-1,-1,18),(2796,10,0,0,-1,-1,18),(2797,10,1,0,-1,-1,18),(2798,10,2,0,-1,-1,18),(2799,10,3,0,-1,-1,18),(2800,10,4,0,-1,-1,18),(2801,10,5,0,-1,-1,18),(2802,10,6,0,-1,-1,18),(2803,10,7,0,-1,-1,18),(2804,10,8,0,-1,-1,18),(2805,10,9,0,-1,-1,18),(2806,10,10,0,-1,-1,18),(2807,10,11,0,-1,-1,18),(2808,10,12,0,-1,-1,18),(2809,10,13,0,-1,-1,18),(2810,10,14,0,-1,-1,18),(2811,10,15,1,-1,-1,18),(2812,10,16,1,-1,-1,18),(2813,10,17,1,-1,-1,18),(2814,10,18,1,-1,-1,18),(2815,10,19,1,-1,-1,18),(2816,10,20,0,-1,-1,18),(2817,10,21,0,-1,-1,18),(2818,10,22,0,-1,-1,18),(2819,10,23,0,-1,-1,18),(2820,10,24,0,-1,-1,18),(2821,10,25,0,-1,-1,18),(2822,10,26,0,-1,-1,18),(2823,10,27,0,-1,-1,18),(2824,10,28,0,-1,-1,18),(2825,10,29,0,-1,-1,18),(2826,10,30,0,-1,-1,18),(2827,10,31,0,-1,-1,18),(2828,10,32,0,13,1,18),(2829,11,0,0,-1,-1,18),(2830,11,1,0,-1,-1,18),(2831,11,2,0,-1,-1,18),(2832,11,3,0,-1,-1,18),(2833,11,4,0,-1,-1,18),(2834,11,5,0,-1,-1,18),(2835,11,6,0,-1,-1,18),(2836,11,7,0,-1,-1,18),(2837,11,8,0,-1,-1,18),(2838,11,9,0,-1,-1,18),(2839,11,10,0,-1,-1,18),(2840,11,11,0,-1,-1,18),(2841,11,12,0,-1,-1,18),(2842,11,13,0,-1,-1,18),(2843,11,14,0,-1,-1,18),(2844,11,15,1,-1,-1,18),(2845,11,16,1,-1,-1,18),(2846,11,17,1,-1,-1,18),(2847,11,18,1,-1,-1,18),(2848,11,19,1,-1,-1,18),(2849,11,20,0,-1,-1,18),(2850,11,21,0,-1,-1,18),(2851,11,22,0,-1,-1,18),(2852,11,23,0,-1,-1,18),(2853,11,24,0,-1,-1,18),(2854,11,25,0,-1,-1,18),(2855,11,26,0,-1,-1,18),(2856,11,27,0,-1,-1,18),(2857,11,28,0,-1,-1,18),(2858,11,29,0,-1,-1,18),(2859,11,30,0,-1,-1,18),(2860,11,31,0,-1,-1,18),(2861,11,32,0,14,1,18),(2862,12,0,0,-1,-1,18),(2863,12,1,0,-1,-1,18),(2864,12,2,0,-1,-1,18),(2865,12,3,0,-1,-1,18),(2866,12,4,0,-1,-1,18),(2867,12,5,0,-1,-1,18),(2868,12,6,0,-1,-1,18),(2869,12,7,0,-1,-1,18),(2870,12,8,0,-1,-1,18),(2871,12,9,0,-1,-1,18),(2872,12,10,0,-1,-1,18),(2873,12,11,0,-1,-1,18),(2874,12,12,0,-1,-1,18),(2875,12,13,0,-1,-1,18),(2876,12,14,0,-1,-1,18),(2877,12,15,1,-1,-1,18),(2878,12,16,1,-1,-1,18),(2879,12,17,1,-1,-1,18),(2880,12,18,1,-1,-1,18),(2881,12,19,1,-1,-1,18),(2882,12,20,0,-1,-1,18),(2883,12,21,0,-1,-1,18),(2884,12,22,0,-1,-1,18),(2885,12,23,0,-1,-1,18),(2886,12,24,0,-1,-1,18),(2887,12,25,0,-1,-1,18),(2888,12,26,0,-1,-1,18),(2889,12,27,0,-1,-1,18),(2890,12,28,0,-1,-1,18),(2891,12,29,0,-1,-1,18),(2892,12,30,0,-1,-1,18),(2893,12,31,0,-1,-1,18),(2894,13,0,0,-1,-1,18),(2895,13,1,0,-1,-1,18),(2896,13,2,0,-1,-1,18),(2897,13,3,0,-1,-1,18),(2898,13,4,0,-1,-1,18),(2899,13,5,0,-1,-1,18),(2900,13,6,0,-1,-1,18),(2901,13,7,0,-1,-1,18),(2902,13,8,0,-1,-1,18),(2903,13,9,0,-1,-1,18),(2904,13,10,0,-1,-1,18),(2905,13,11,0,-1,-1,18),(2906,13,12,0,-1,-1,18),(2907,13,13,0,-1,-1,18),(2908,13,14,0,-1,-1,18),(2909,13,15,1,-1,-1,18),(2910,13,16,1,-1,-1,18),(2911,13,17,1,-1,-1,18),(2912,13,18,1,-1,-1,18),(2913,13,19,1,-1,-1,18),(2914,13,20,0,-1,-1,18),(2915,13,21,0,-1,-1,18),(2916,13,22,0,-1,-1,18),(2917,13,23,0,-1,-1,18),(2918,13,24,0,-1,-1,18),(2919,13,25,0,-1,-1,18),(2920,13,26,0,-1,-1,18),(2921,13,27,0,-1,-1,18),(2922,13,28,0,-1,-1,18),(2923,13,29,0,-1,-1,18),(2924,13,30,0,-1,-1,18),(2925,13,31,0,-1,-1,18),(2926,14,0,0,-1,-1,18),(2927,14,1,0,-1,-1,18),(2928,14,2,0,-1,-1,18),(2929,14,3,0,-1,-1,18),(2930,14,4,0,-1,-1,18),(2931,14,5,0,-1,-1,18),(2932,14,6,0,-1,-1,18),(2933,14,7,0,-1,-1,18),(2934,14,8,0,-1,-1,18),(2935,14,9,0,-1,-1,18),(2936,14,10,0,-1,-1,18),(2937,14,11,0,-1,-1,18),(2938,14,12,0,-1,-1,18),(2939,14,13,0,-1,-1,18),(2940,14,14,0,-1,-1,18),(2941,14,15,1,-1,-1,18),(2942,14,16,1,-1,-1,18),(2943,14,17,1,-1,-1,18),(2944,14,18,1,-1,-1,18),(2945,14,19,1,-1,-1,18),(2946,14,20,0,-1,-1,18),(2947,14,21,0,-1,-1,18),(2948,14,22,0,-1,-1,18),(2949,14,23,0,-1,-1,18),(2950,14,24,0,-1,-1,18),(2951,14,25,0,-1,-1,18),(2952,14,26,0,-1,-1,18),(2953,14,27,0,-1,-1,18),(2954,14,28,0,-1,-1,18),(2955,14,29,0,-1,-1,18),(2956,14,30,0,-1,-1,18),(2957,14,31,0,-1,-1,18),(2958,15,0,0,-1,-1,18),(2959,15,1,0,-1,-1,18),(2960,15,2,0,-1,-1,18),(2961,15,3,0,-1,-1,18),(2962,15,4,0,-1,-1,18),(2963,15,5,0,-1,-1,18),(2964,15,6,0,-1,-1,18),(2965,15,7,0,-1,-1,18),(2966,15,8,0,-1,-1,18),(2967,15,9,0,-1,-1,18),(2968,15,10,0,-1,-1,18),(2969,15,11,0,-1,-1,18),(2970,15,12,0,-1,-1,18),(2971,15,13,0,-1,-1,18),(2972,15,14,0,-1,-1,18),(2973,15,15,1,-1,-1,18),(2974,15,16,1,-1,-1,18),(2975,15,17,1,-1,-1,18),(2976,15,18,1,-1,-1,18),(2977,15,19,1,-1,-1,18),(2978,15,20,0,-1,-1,18),(2979,15,21,0,-1,-1,18),(2980,15,22,0,-1,-1,18),(2981,15,23,0,-1,-1,18),(2982,15,24,0,-1,-1,18),(2983,15,25,0,-1,-1,18),(2984,15,26,0,-1,-1,18),(2985,15,27,0,-1,-1,18),(2986,15,28,0,-1,-1,18),(2987,15,29,0,-1,-1,18),(2988,15,30,0,-1,-1,18),(2989,15,31,0,-1,-1,18),(2990,16,0,0,-1,-1,18),(2991,16,1,0,-1,-1,18),(2992,16,2,0,-1,-1,18),(2993,16,3,0,-1,-1,18),(2994,16,4,0,-1,-1,18),(2995,16,5,0,-1,-1,18),(2996,16,6,0,-1,-1,18),(2997,16,7,0,-1,-1,18),(2998,16,8,0,-1,-1,18),(2999,16,9,0,-1,-1,18),(3000,16,10,0,-1,-1,18),(3001,16,11,0,-1,-1,18),(3002,16,12,0,-1,-1,18),(3003,16,13,0,-1,-1,18),(3004,16,14,0,-1,-1,18),(3005,16,15,1,-1,-1,18),(3006,16,16,1,-1,-1,18),(3007,16,17,1,-1,-1,18),(3008,16,18,1,-1,-1,18),(3009,16,19,1,-1,-1,18),(3010,16,20,0,-1,-1,18),(3011,16,21,0,-1,-1,18),(3012,16,22,0,-1,-1,18),(3013,16,23,0,-1,-1,18),(3014,16,24,0,-1,-1,18),(3015,16,25,0,-1,-1,18),(3016,16,26,0,-1,-1,18),(3017,16,27,0,-1,-1,18),(3018,16,28,0,-1,-1,18),(3019,16,29,0,-1,-1,18),(3020,16,30,0,-1,-1,18),(3021,16,31,0,-1,-1,18),(3022,0,0,0,-1,-1,19),(3023,0,1,0,-1,-1,19),(3024,0,2,0,-1,-1,19),(3025,0,3,0,-1,-1,19),(3026,0,4,0,-1,-1,19),(3027,0,5,0,-1,-1,19),(3028,0,6,0,-1,-1,19),(3029,0,7,0,-1,-1,19),(3030,0,8,0,-1,-1,19),(3031,0,9,0,-1,-1,19),(3032,0,10,0,-1,-1,19),(3033,0,11,0,-1,-1,19),(3034,0,12,0,-1,-1,19),(3035,0,13,0,-1,-1,19),(3036,0,14,0,-1,-1,19),(3037,0,15,0,-1,-1,19),(3038,0,16,0,-1,-1,19),(3039,0,17,0,-1,-1,19),(3040,0,18,0,-1,-1,19),(3041,0,19,0,-1,-1,19),(3042,0,20,0,-1,-1,19),(3043,0,21,0,-1,-1,19),(3044,0,22,0,-1,-1,19),(3045,0,23,0,-1,-1,19),(3046,0,24,0,-1,-1,19),(3047,0,25,0,-1,-1,19),(3048,0,26,0,-1,-1,19),(3049,0,27,0,-1,-1,19),(3050,0,28,0,-1,-1,19),(3051,0,29,0,-1,-1,19),(3052,0,30,0,-1,-1,19),(3053,0,31,0,-1,-1,19),(3054,0,32,0,-1,-1,19),(3055,0,33,0,-1,-1,19),(3056,0,34,0,-1,-1,19),(3057,0,35,0,-1,-1,19),(3058,0,36,0,-1,-1,19),(3059,0,37,0,-1,-1,19),(3060,1,0,0,-1,-1,19),(3061,1,1,0,-1,-1,19),(3062,1,2,0,-1,-1,19),(3063,1,3,0,-1,-1,19),(3064,1,4,0,-1,-1,19),(3065,1,5,0,-1,-1,19),(3066,1,6,0,-1,-1,19),(3067,1,7,0,-1,-1,19),(3068,1,8,0,-1,-1,19),(3069,1,9,0,-1,-1,19),(3070,1,10,0,-1,-1,19),(3071,1,11,0,-1,-1,19),(3072,1,12,0,-1,-1,19),(3073,1,13,0,-1,-1,19),(3074,1,14,0,-1,-1,19),(3075,1,15,1,-1,-1,19),(3076,1,16,1,-1,-1,19),(3077,1,17,1,-1,-1,19),(3078,1,18,1,-1,-1,19),(3079,1,19,1,-1,-1,19),(3080,1,20,0,-1,-1,19),(3081,1,21,0,-1,-1,19),(3082,1,22,0,-1,-1,19),(3083,1,23,0,-1,-1,19),(3084,1,24,0,-1,-1,19),(3085,1,25,0,-1,-1,19),(3086,1,26,0,-1,-1,19),(3087,1,27,0,-1,-1,19),(3088,1,28,0,-1,-1,19),(3089,1,29,0,-1,-1,19),(3090,1,30,0,-1,-1,19),(3091,1,31,0,-1,-1,19),(3092,1,32,0,-1,-1,19),(3093,2,0,0,-1,-1,19),(3094,2,1,0,-1,-1,19),(3095,2,2,0,-1,-1,19),(3096,2,3,0,-1,-1,19),(3097,2,4,0,-1,-1,19),(3098,2,5,0,-1,-1,19),(3099,2,6,0,-1,-1,19),(3100,2,7,0,-1,-1,19),(3101,2,8,0,-1,-1,19),(3102,2,9,0,-1,-1,19),(3103,2,10,0,-1,-1,19),(3104,2,11,0,-1,-1,19),(3105,2,12,0,-1,-1,19),(3106,2,13,0,-1,-1,19),(3107,2,14,0,-1,-1,19),(3108,2,15,1,-1,-1,19),(3109,2,16,1,-1,-1,19),(3110,2,17,1,-1,-1,19),(3111,2,18,1,-1,-1,19),(3112,2,19,1,-1,-1,19),(3113,2,20,0,-1,-1,19),(3114,2,21,0,-1,-1,19),(3115,2,22,0,-1,-1,19),(3116,2,23,0,-1,-1,19),(3117,2,24,0,-1,-1,19),(3118,2,25,0,-1,-1,19),(3119,2,26,0,-1,-1,19),(3120,2,27,0,-1,-1,19),(3121,2,28,0,-1,-1,19),(3122,2,29,0,-1,-1,19),(3123,2,30,0,-1,-1,19),(3124,2,31,0,-1,-1,19),(3125,2,32,0,-1,-1,19),(3126,3,0,0,-1,-1,19),(3127,3,1,0,-1,-1,19),(3128,3,2,0,-1,-1,19),(3129,3,3,0,-1,-1,19),(3130,3,4,0,-1,-1,19),(3131,3,5,0,-1,-1,19),(3132,3,6,0,-1,-1,19),(3133,3,7,0,-1,-1,19),(3134,3,8,0,-1,-1,19),(3135,3,9,0,-1,-1,19),(3136,3,10,0,-1,-1,19),(3137,3,11,0,-1,-1,19),(3138,3,12,0,-1,-1,19),(3139,3,13,0,-1,-1,19),(3140,3,14,0,-1,-1,19),(3141,3,15,1,-1,-1,19),(3142,3,16,1,-1,-1,19),(3143,3,17,1,-1,-1,19),(3144,3,18,1,-1,-1,19),(3145,3,19,1,-1,-1,19),(3146,3,20,0,-1,-1,19),(3147,3,21,0,-1,-1,19),(3148,3,22,0,-1,-1,19),(3149,3,23,0,-1,-1,19),(3150,3,24,0,-1,-1,19),(3151,3,25,0,-1,-1,19),(3152,3,26,0,-1,-1,19),(3153,3,27,0,-1,-1,19),(3154,3,28,0,-1,-1,19),(3155,3,29,0,-1,-1,19),(3156,3,30,0,-1,-1,19),(3157,3,31,0,-1,-1,19),(3158,3,32,0,-1,-1,19),(3159,4,0,0,-1,-1,19),(3160,4,1,0,-1,-1,19),(3161,4,2,0,-1,-1,19),(3162,4,3,0,-1,-1,19),(3163,4,4,0,-1,-1,19),(3164,4,5,0,-1,-1,19),(3165,4,6,0,-1,-1,19),(3166,4,7,0,-1,-1,19),(3167,4,8,0,-1,-1,19),(3168,4,9,0,-1,-1,19),(3169,4,10,0,-1,-1,19),(3170,4,11,0,-1,-1,19),(3171,4,12,0,-1,-1,19),(3172,4,13,0,-1,-1,19),(3173,4,14,0,-1,-1,19),(3174,4,15,1,-1,-1,19),(3175,4,16,1,-1,-1,19),(3176,4,17,1,-1,-1,19),(3177,4,18,1,-1,-1,19),(3178,4,19,1,-1,-1,19),(3179,4,20,0,-1,-1,19),(3180,4,21,0,-1,-1,19),(3181,4,22,0,-1,-1,19),(3182,4,23,0,-1,-1,19),(3183,4,24,0,-1,-1,19),(3184,4,25,0,-1,-1,19),(3185,4,26,0,-1,-1,19),(3186,4,27,0,-1,-1,19),(3187,4,28,0,-1,-1,19),(3188,4,29,0,-1,-1,19),(3189,4,30,0,-1,-1,19),(3190,4,31,0,-1,-1,19),(3191,4,32,0,-1,-1,19),(3192,5,0,0,-1,-1,19),(3193,5,1,0,-1,-1,19),(3194,5,2,0,-1,-1,19),(3195,5,3,0,-1,-1,19),(3196,5,4,0,-1,-1,19),(3197,5,5,0,-1,-1,19),(3198,5,6,0,-1,-1,19),(3199,5,7,0,-1,-1,19),(3200,5,8,0,-1,-1,19),(3201,5,9,0,-1,-1,19),(3202,5,10,0,-1,-1,19),(3203,5,11,0,-1,-1,19),(3204,5,12,0,-1,-1,19),(3205,5,13,0,-1,-1,19),(3206,5,14,0,-1,-1,19),(3207,5,15,1,-1,-1,19),(3208,5,16,1,-1,-1,19),(3209,5,17,1,-1,-1,19),(3210,5,18,1,-1,-1,19),(3211,5,19,1,-1,-1,19),(3212,5,20,0,-1,-1,19),(3213,5,21,0,-1,-1,19),(3214,5,22,0,-1,-1,19),(3215,5,23,0,-1,-1,19),(3216,5,24,0,-1,-1,19),(3217,5,25,0,-1,-1,19),(3218,5,26,0,-1,-1,19),(3219,5,27,0,-1,-1,19),(3220,5,28,0,-1,-1,19),(3221,5,29,0,-1,-1,19),(3222,5,30,0,-1,-1,19),(3223,5,31,0,-1,-1,19),(3224,5,32,0,-1,-1,19),(3225,6,0,0,-1,-1,19),(3226,6,1,0,-1,-1,19),(3227,6,2,0,-1,-1,19),(3228,6,3,0,-1,-1,19),(3229,6,4,0,-1,-1,19),(3230,6,5,0,-1,-1,19),(3231,6,6,0,-1,-1,19),(3232,6,7,0,-1,-1,19),(3233,6,8,0,-1,-1,19),(3234,6,9,0,-1,-1,19),(3235,6,10,0,-1,-1,19),(3236,6,11,0,-1,-1,19),(3237,6,12,0,-1,-1,19),(3238,6,13,0,-1,-1,19),(3239,6,14,0,-1,-1,19),(3240,6,15,1,-1,-1,19),(3241,6,16,1,-1,-1,19),(3242,6,17,1,-1,-1,19),(3243,6,18,1,-1,-1,19),(3244,6,19,1,-1,-1,19),(3245,6,20,0,-1,-1,19),(3246,6,21,0,-1,-1,19),(3247,6,22,0,-1,-1,19),(3248,6,23,0,-1,-1,19),(3249,6,24,0,-1,-1,19),(3250,6,25,0,-1,-1,19),(3251,6,26,0,-1,-1,19),(3252,6,27,0,-1,-1,19),(3253,6,28,0,-1,-1,19),(3254,6,29,0,-1,-1,19),(3255,6,30,0,-1,-1,19),(3256,6,31,0,-1,-1,19),(3257,6,32,0,-1,-1,19),(3258,7,0,0,-1,-1,19),(3259,7,1,0,-1,-1,19),(3260,7,2,0,-1,-1,19),(3261,7,3,0,-1,-1,19),(3262,7,4,0,-1,-1,19),(3263,7,5,0,-1,-1,19),(3264,7,6,0,-1,-1,19),(3265,7,7,0,-1,-1,19),(3266,7,8,0,-1,-1,19),(3267,7,9,0,-1,-1,19),(3268,7,10,0,-1,-1,19),(3269,7,11,0,-1,-1,19),(3270,7,12,0,-1,-1,19),(3271,7,13,0,-1,-1,19),(3272,7,14,0,-1,-1,19),(3273,7,15,1,-1,-1,19),(3274,7,16,1,-1,-1,19),(3275,7,17,1,-1,-1,19),(3276,7,18,1,-1,-1,19),(3277,7,19,1,-1,-1,19),(3278,7,20,0,-1,-1,19),(3279,7,21,0,-1,-1,19),(3280,7,22,0,-1,-1,19),(3281,7,23,0,-1,-1,19),(3282,7,24,0,-1,-1,19),(3283,7,25,0,-1,-1,19),(3284,7,26,0,-1,-1,19),(3285,7,27,0,-1,-1,19),(3286,7,28,0,-1,-1,19),(3287,7,29,0,-1,-1,19),(3288,7,30,0,-1,-1,19),(3289,7,31,0,-1,-1,19),(3290,7,32,0,-1,-1,19),(3291,8,0,0,-1,-1,19),(3292,8,1,0,-1,-1,19),(3293,8,2,0,-1,-1,19),(3294,8,3,0,-1,-1,19),(3295,8,4,0,-1,-1,19),(3296,8,5,0,-1,-1,19),(3297,8,6,0,-1,-1,19),(3298,8,7,0,-1,-1,19),(3299,8,8,0,-1,-1,19),(3300,8,9,0,-1,-1,19),(3301,8,10,0,-1,-1,19),(3302,8,11,0,-1,-1,19),(3303,8,12,0,-1,-1,19),(3304,8,13,0,-1,-1,19),(3305,8,14,0,-1,-1,19),(3306,8,15,1,-1,-1,19),(3307,8,16,1,-1,-1,19),(3308,8,17,1,-1,-1,19),(3309,8,18,1,-1,-1,19),(3310,8,19,1,-1,-1,19),(3311,8,20,0,-1,-1,19),(3312,8,21,0,-1,-1,19),(3313,8,22,0,-1,-1,19),(3314,8,23,0,-1,-1,19),(3315,8,24,0,-1,-1,19),(3316,8,25,0,-1,-1,19),(3317,8,26,0,-1,-1,19),(3318,8,27,0,-1,-1,19),(3319,8,28,0,-1,-1,19),(3320,8,29,0,-1,-1,19),(3321,8,30,0,-1,-1,19),(3322,8,31,0,-1,-1,19),(3323,8,32,0,-1,-1,19),(3324,9,0,0,-1,-1,19),(3325,9,1,0,-1,-1,19),(3326,9,2,0,-1,-1,19),(3327,9,3,0,-1,-1,19),(3328,9,4,0,-1,-1,19),(3329,9,5,0,-1,-1,19),(3330,9,6,0,-1,-1,19),(3331,9,7,0,-1,-1,19),(3332,9,8,0,-1,-1,19),(3333,9,9,0,-1,-1,19),(3334,9,10,0,-1,-1,19),(3335,9,11,0,-1,-1,19),(3336,9,12,0,-1,-1,19),(3337,9,13,0,-1,-1,19),(3338,9,14,0,-1,-1,19),(3339,9,15,1,-1,-1,19),(3340,9,16,1,-1,-1,19),(3341,9,17,1,-1,-1,19),(3342,9,18,1,-1,-1,19),(3343,9,19,1,-1,-1,19),(3344,9,20,0,-1,-1,19),(3345,9,21,0,-1,-1,19),(3346,9,22,0,-1,-1,19),(3347,9,23,0,-1,-1,19),(3348,9,24,0,-1,-1,19),(3349,9,25,0,-1,-1,19),(3350,9,26,0,-1,-1,19),(3351,9,27,0,-1,-1,19),(3352,9,28,0,-1,-1,19),(3353,9,29,0,-1,-1,19),(3354,9,30,0,-1,-1,19),(3355,9,31,0,-1,-1,19),(3356,10,0,0,-1,-1,19),(3357,10,1,0,-1,-1,19),(3358,10,2,0,-1,-1,19),(3359,10,3,0,-1,-1,19),(3360,10,4,0,-1,-1,19),(3361,10,5,0,-1,-1,19),(3362,10,6,0,-1,-1,19),(3363,10,7,0,-1,-1,19),(3364,10,8,0,-1,-1,19),(3365,10,9,0,-1,-1,19),(3366,10,10,0,-1,-1,19),(3367,10,11,0,-1,-1,19),(3368,10,12,0,-1,-1,19),(3369,10,13,0,-1,-1,19),(3370,10,14,0,-1,-1,19),(3371,10,15,1,-1,-1,19),(3372,10,16,1,-1,-1,19),(3373,10,17,1,-1,-1,19),(3374,10,18,1,-1,-1,19),(3375,10,19,1,-1,-1,19),(3376,10,20,0,-1,-1,19),(3377,10,21,0,-1,-1,19),(3378,10,22,0,-1,-1,19),(3379,10,23,0,-1,-1,19),(3380,10,24,0,-1,-1,19),(3381,10,25,0,-1,-1,19),(3382,10,26,0,-1,-1,19),(3383,10,27,0,-1,-1,19),(3384,10,28,0,-1,-1,19),(3385,10,29,0,-1,-1,19),(3386,10,30,0,-1,-1,19),(3387,10,31,0,-1,-1,19),(3388,10,32,0,13,1,19),(3389,11,0,0,-1,-1,19),(3390,11,1,0,-1,-1,19),(3391,11,2,0,-1,-1,19),(3392,11,3,0,-1,-1,19),(3393,11,4,0,-1,-1,19),(3394,11,5,0,-1,-1,19),(3395,11,6,0,-1,-1,19),(3396,11,7,0,-1,-1,19),(3397,11,8,0,-1,-1,19),(3398,11,9,0,-1,-1,19),(3399,11,10,0,-1,-1,19),(3400,11,11,0,-1,-1,19),(3401,11,12,0,-1,-1,19),(3402,11,13,0,-1,-1,19),(3403,11,14,0,-1,-1,19),(3404,11,15,1,-1,-1,19),(3405,11,16,1,-1,-1,19),(3406,11,17,1,-1,-1,19),(3407,11,18,1,-1,-1,19),(3408,11,19,1,-1,-1,19),(3409,11,20,0,-1,-1,19),(3410,11,21,0,-1,-1,19),(3411,11,22,0,-1,-1,19),(3412,11,23,0,-1,-1,19),(3413,11,24,0,-1,-1,19),(3414,11,25,0,-1,-1,19),(3415,11,26,0,-1,-1,19),(3416,11,27,0,-1,-1,19),(3417,11,28,0,-1,-1,19),(3418,11,29,0,-1,-1,19),(3419,11,30,0,-1,-1,19),(3420,11,31,0,-1,-1,19),(3421,11,32,0,14,1,19),(3422,12,0,0,-1,-1,19),(3423,12,1,0,-1,-1,19),(3424,12,2,0,-1,-1,19),(3425,12,3,0,-1,-1,19),(3426,12,4,0,-1,-1,19),(3427,12,5,0,-1,-1,19),(3428,12,6,0,-1,-1,19),(3429,12,7,0,-1,-1,19),(3430,12,8,0,-1,-1,19),(3431,12,9,0,-1,-1,19),(3432,12,10,0,-1,-1,19),(3433,12,11,0,-1,-1,19),(3434,12,12,0,-1,-1,19),(3435,12,13,0,-1,-1,19),(3436,12,14,0,-1,-1,19),(3437,12,15,1,-1,-1,19),(3438,12,16,1,-1,-1,19),(3439,12,17,1,-1,-1,19),(3440,12,18,1,-1,-1,19),(3441,12,19,1,-1,-1,19),(3442,12,20,0,-1,-1,19),(3443,12,21,0,-1,-1,19),(3444,12,22,0,-1,-1,19),(3445,12,23,0,-1,-1,19),(3446,12,24,0,-1,-1,19),(3447,12,25,0,-1,-1,19),(3448,12,26,0,-1,-1,19),(3449,12,27,0,-1,-1,19),(3450,12,28,0,-1,-1,19),(3451,12,29,0,-1,-1,19),(3452,12,30,0,-1,-1,19),(3453,12,31,0,-1,-1,19),(3454,13,0,0,-1,-1,19),(3455,13,1,0,-1,-1,19),(3456,13,2,0,-1,-1,19),(3457,13,3,0,-1,-1,19),(3458,13,4,0,-1,-1,19),(3459,13,5,0,-1,-1,19),(3460,13,6,0,-1,-1,19),(3461,13,7,0,-1,-1,19),(3462,13,8,0,-1,-1,19),(3463,13,9,0,-1,-1,19),(3464,13,10,0,-1,-1,19),(3465,13,11,0,-1,-1,19),(3466,13,12,0,-1,-1,19),(3467,13,13,0,-1,-1,19),(3468,13,14,0,-1,-1,19),(3469,13,15,1,-1,-1,19),(3470,13,16,1,-1,-1,19),(3471,13,17,1,-1,-1,19),(3472,13,18,1,-1,-1,19),(3473,13,19,1,-1,-1,19),(3474,13,20,0,-1,-1,19),(3475,13,21,0,-1,-1,19),(3476,13,22,0,-1,-1,19),(3477,13,23,0,-1,-1,19),(3478,13,24,0,-1,-1,19),(3479,13,25,0,-1,-1,19),(3480,13,26,0,-1,-1,19),(3481,13,27,0,-1,-1,19),(3482,13,28,0,-1,-1,19),(3483,13,29,0,-1,-1,19),(3484,13,30,0,-1,-1,19),(3485,13,31,0,-1,-1,19),(3486,14,0,0,-1,-1,19),(3487,14,1,0,-1,-1,19),(3488,14,2,0,-1,-1,19),(3489,14,3,0,-1,-1,19),(3490,14,4,0,-1,-1,19),(3491,14,5,0,-1,-1,19),(3492,14,6,0,-1,-1,19),(3493,14,7,0,-1,-1,19),(3494,14,8,0,-1,-1,19),(3495,14,9,0,-1,-1,19),(3496,14,10,0,-1,-1,19),(3497,14,11,0,-1,-1,19),(3498,14,12,0,-1,-1,19),(3499,14,13,0,-1,-1,19),(3500,14,14,0,-1,-1,19),(3501,14,15,1,-1,-1,19),(3502,14,16,1,-1,-1,19),(3503,14,17,1,-1,-1,19),(3504,14,18,1,-1,-1,19),(3505,14,19,1,-1,-1,19),(3506,14,20,0,-1,-1,19),(3507,14,21,0,-1,-1,19),(3508,14,22,0,-1,-1,19),(3509,14,23,0,-1,-1,19),(3510,14,24,0,-1,-1,19),(3511,14,25,0,-1,-1,19),(3512,14,26,0,-1,-1,19),(3513,14,27,0,-1,-1,19),(3514,14,28,0,-1,-1,19),(3515,14,29,0,-1,-1,19),(3516,14,30,0,-1,-1,19),(3517,14,31,0,-1,-1,19),(3518,15,0,0,-1,-1,19),(3519,15,1,0,-1,-1,19),(3520,15,2,0,-1,-1,19),(3521,15,3,0,-1,-1,19),(3522,15,4,0,-1,-1,19),(3523,15,5,0,-1,-1,19),(3524,15,6,0,-1,-1,19),(3525,15,7,0,-1,-1,19),(3526,15,8,0,-1,-1,19),(3527,15,9,0,-1,-1,19),(3528,15,10,0,-1,-1,19),(3529,15,11,0,-1,-1,19),(3530,15,12,0,-1,-1,19),(3531,15,13,0,-1,-1,19),(3532,15,14,0,-1,-1,19),(3533,15,15,1,-1,-1,19),(3534,15,16,1,-1,-1,19),(3535,15,17,1,-1,-1,19),(3536,15,18,1,-1,-1,19),(3537,15,19,1,-1,-1,19),(3538,15,20,0,-1,-1,19),(3539,15,21,0,-1,-1,19),(3540,15,22,0,-1,-1,19),(3541,15,23,0,-1,-1,19),(3542,15,24,0,-1,-1,19),(3543,15,25,0,-1,-1,19),(3544,15,26,0,-1,-1,19),(3545,15,27,0,-1,-1,19),(3546,15,28,0,-1,-1,19),(3547,15,29,0,-1,-1,19),(3548,15,30,0,-1,-1,19),(3549,15,31,0,-1,-1,19),(3550,16,0,0,-1,-1,19),(3551,16,1,0,-1,-1,19),(3552,16,2,0,-1,-1,19),(3553,16,3,0,-1,-1,19),(3554,16,4,0,-1,-1,19),(3555,16,5,0,-1,-1,19),(3556,16,6,0,-1,-1,19),(3557,16,7,0,-1,-1,19),(3558,16,8,0,-1,-1,19),(3559,16,9,0,-1,-1,19),(3560,16,10,0,-1,-1,19),(3561,16,11,0,-1,-1,19),(3562,16,12,0,-1,-1,19),(3563,16,13,0,-1,-1,19),(3564,16,14,0,-1,-1,19),(3565,16,15,1,-1,-1,19),(3566,16,16,1,-1,-1,19),(3567,16,17,1,-1,-1,19),(3568,16,18,1,-1,-1,19),(3569,16,19,1,-1,-1,19),(3570,16,20,0,-1,-1,19),(3571,16,21,0,-1,-1,19),(3572,16,22,0,-1,-1,19),(3573,16,23,0,-1,-1,19),(3574,16,24,0,-1,-1,19),(3575,16,25,0,-1,-1,19),(3576,16,26,0,-1,-1,19),(3577,16,27,0,-1,-1,19),(3578,16,28,0,-1,-1,19),(3579,16,29,0,-1,-1,19),(3580,16,30,0,-1,-1,19),(3581,16,31,0,-1,-1,19),(3582,0,0,0,-1,-1,19),(3583,0,1,0,-1,-1,19),(3584,0,2,0,-1,-1,19),(3585,0,3,0,-1,-1,19),(3586,0,4,0,-1,-1,19),(3587,0,5,0,-1,-1,19),(3588,0,6,0,-1,-1,19),(3589,0,7,0,-1,-1,19),(3590,0,8,0,-1,-1,19),(3591,0,9,0,-1,-1,19),(3592,0,10,0,-1,-1,19),(3593,0,11,0,-1,-1,19),(3594,0,12,0,-1,-1,19),(3595,0,13,0,-1,-1,19),(3596,0,14,0,-1,-1,19),(3597,0,15,0,-1,-1,19),(3598,0,16,0,-1,-1,19),(3599,0,17,0,-1,-1,19),(3600,0,18,0,-1,-1,19),(3601,0,19,0,-1,-1,19),(3602,0,20,0,-1,-1,19),(3603,0,21,0,-1,-1,19),(3604,0,22,0,-1,-1,19),(3605,0,23,0,-1,-1,19),(3606,0,24,0,-1,-1,19),(3607,0,25,0,-1,-1,19),(3608,0,26,0,-1,-1,19),(3609,0,27,0,-1,-1,19),(3610,0,28,0,-1,-1,19),(3611,0,29,0,-1,-1,19),(3612,0,30,0,-1,-1,19),(3613,0,31,0,-1,-1,19),(3614,0,32,0,-1,-1,19),(3615,0,33,0,-1,-1,19),(3616,0,34,0,-1,-1,19),(3617,0,35,0,-1,-1,19),(3618,0,36,0,-1,-1,19),(3619,0,37,0,-1,-1,19),(3620,1,0,0,-1,-1,19),(3621,1,1,0,-1,-1,19),(3622,1,2,0,-1,-1,19),(3623,1,3,0,-1,-1,19),(3624,1,4,0,-1,-1,19),(3625,1,5,0,-1,-1,19),(3626,1,6,0,-1,-1,19),(3627,1,7,0,-1,-1,19),(3628,1,8,0,-1,-1,19),(3629,1,9,0,-1,-1,19),(3630,1,10,0,-1,-1,19),(3631,1,11,0,-1,-1,19),(3632,1,12,0,-1,-1,19),(3633,1,13,0,-1,-1,19),(3634,1,14,0,-1,-1,19),(3635,1,15,1,-1,-1,19),(3636,1,16,1,-1,-1,19),(3637,1,17,1,-1,-1,19),(3638,1,18,1,-1,-1,19),(3639,1,19,1,-1,-1,19),(3640,1,20,0,-1,-1,19),(3641,1,21,0,-1,-1,19),(3642,1,22,0,-1,-1,19),(3643,1,23,0,-1,-1,19),(3644,1,24,0,-1,-1,19),(3645,1,25,0,-1,-1,19),(3646,1,26,0,-1,-1,19),(3647,1,27,0,-1,-1,19),(3648,1,28,0,-1,-1,19),(3649,1,29,0,-1,-1,19),(3650,1,30,0,-1,-1,19),(3651,1,31,0,-1,-1,19),(3652,1,32,0,-1,-1,19),(3653,2,0,0,-1,-1,19),(3654,2,1,0,-1,-1,19),(3655,2,2,0,-1,-1,19),(3656,2,3,0,-1,-1,19),(3657,2,4,0,-1,-1,19),(3658,2,5,0,-1,-1,19),(3659,2,6,0,-1,-1,19),(3660,2,7,0,-1,-1,19),(3661,2,8,0,-1,-1,19),(3662,2,9,0,-1,-1,19),(3663,2,10,0,-1,-1,19),(3664,2,11,0,-1,-1,19),(3665,2,12,0,-1,-1,19),(3666,2,13,0,-1,-1,19),(3667,2,14,0,-1,-1,19),(3668,2,15,1,-1,-1,19),(3669,2,16,1,-1,-1,19),(3670,2,17,1,-1,-1,19),(3671,2,18,1,-1,-1,19),(3672,2,19,1,-1,-1,19),(3673,2,20,0,-1,-1,19),(3674,2,21,0,-1,-1,19),(3675,2,22,0,-1,-1,19),(3676,2,23,0,-1,-1,19),(3677,2,24,0,-1,-1,19),(3678,2,25,0,-1,-1,19),(3679,2,26,0,-1,-1,19),(3680,2,27,0,-1,-1,19),(3681,2,28,0,-1,-1,19),(3682,2,29,0,-1,-1,19),(3683,2,30,0,-1,-1,19),(3684,2,31,0,-1,-1,19),(3685,2,32,0,-1,-1,19),(3686,3,0,0,-1,-1,19),(3687,3,1,0,-1,-1,19),(3688,3,2,0,-1,-1,19),(3689,3,3,0,-1,-1,19),(3690,3,4,0,-1,-1,19),(3691,3,5,0,-1,-1,19),(3692,3,6,0,-1,-1,19),(3693,3,7,0,-1,-1,19),(3694,3,8,0,-1,-1,19),(3695,3,9,0,-1,-1,19),(3696,3,10,0,-1,-1,19),(3697,3,11,0,-1,-1,19),(3698,3,12,0,-1,-1,19),(3699,3,13,0,-1,-1,19),(3700,3,14,0,-1,-1,19),(3701,3,15,1,-1,-1,19),(3702,3,16,1,-1,-1,19),(3703,3,17,1,-1,-1,19),(3704,3,18,1,-1,-1,19),(3705,3,19,1,-1,-1,19),(3706,3,20,0,-1,-1,19),(3707,3,21,0,-1,-1,19),(3708,3,22,0,-1,-1,19),(3709,3,23,0,-1,-1,19),(3710,3,24,0,-1,-1,19),(3711,3,25,0,-1,-1,19),(3712,3,26,0,-1,-1,19),(3713,3,27,0,-1,-1,19),(3714,3,28,0,-1,-1,19),(3715,3,29,0,-1,-1,19),(3716,3,30,0,-1,-1,19),(3717,3,31,0,-1,-1,19),(3718,3,32,0,-1,-1,19),(3719,4,0,0,-1,-1,19),(3720,4,1,0,-1,-1,19),(3721,4,2,0,-1,-1,19),(3722,4,3,0,-1,-1,19),(3723,4,4,0,-1,-1,19),(3724,4,5,0,-1,-1,19),(3725,4,6,0,-1,-1,19),(3726,4,7,0,-1,-1,19),(3727,4,8,0,-1,-1,19),(3728,4,9,0,-1,-1,19),(3729,4,10,0,-1,-1,19),(3730,4,11,0,-1,-1,19),(3731,4,12,0,-1,-1,19),(3732,4,13,0,-1,-1,19),(3733,4,14,0,-1,-1,19),(3734,4,15,1,-1,-1,19),(3735,4,16,1,-1,-1,19),(3736,4,17,1,-1,-1,19),(3737,4,18,1,-1,-1,19),(3738,4,19,1,-1,-1,19),(3739,4,20,0,-1,-1,19),(3740,4,21,0,-1,-1,19),(3741,4,22,0,-1,-1,19),(3742,4,23,0,-1,-1,19),(3743,4,24,0,-1,-1,19),(3744,4,25,0,-1,-1,19),(3745,4,26,0,-1,-1,19),(3746,4,27,0,-1,-1,19),(3747,4,28,0,-1,-1,19),(3748,4,29,0,-1,-1,19),(3749,4,30,0,-1,-1,19),(3750,4,31,0,-1,-1,19),(3751,4,32,0,-1,-1,19),(3752,5,0,0,-1,-1,19),(3753,5,1,0,-1,-1,19),(3754,5,2,0,-1,-1,19),(3755,5,3,0,-1,-1,19),(3756,5,4,0,-1,-1,19),(3757,5,5,0,-1,-1,19),(3758,5,6,0,-1,-1,19),(3759,5,7,0,-1,-1,19),(3760,5,8,0,-1,-1,19),(3761,5,9,0,-1,-1,19),(3762,5,10,0,-1,-1,19),(3763,5,11,0,-1,-1,19),(3764,5,12,0,-1,-1,19),(3765,5,13,0,-1,-1,19),(3766,5,14,0,-1,-1,19),(3767,5,15,1,-1,-1,19),(3768,5,16,1,-1,-1,19),(3769,5,17,1,-1,-1,19),(3770,5,18,1,-1,-1,19),(3771,5,19,1,-1,-1,19),(3772,5,20,0,-1,-1,19),(3773,5,21,0,-1,-1,19),(3774,5,22,0,-1,-1,19),(3775,5,23,0,-1,-1,19),(3776,5,24,0,-1,-1,19),(3777,5,25,0,-1,-1,19),(3778,5,26,0,-1,-1,19),(3779,5,27,0,-1,-1,19),(3780,5,28,0,-1,-1,19),(3781,5,29,0,-1,-1,19),(3782,5,30,0,-1,-1,19),(3783,5,31,0,-1,-1,19),(3784,5,32,0,-1,-1,19),(3785,6,0,0,-1,-1,19),(3786,6,1,0,-1,-1,19),(3787,6,2,0,-1,-1,19),(3788,6,3,0,-1,-1,19),(3789,6,4,0,-1,-1,19),(3790,6,5,0,-1,-1,19),(3791,6,6,0,-1,-1,19),(3792,6,7,0,-1,-1,19),(3793,6,8,0,-1,-1,19),(3794,6,9,0,-1,-1,19),(3795,6,10,0,-1,-1,19),(3796,6,11,0,-1,-1,19),(3797,6,12,0,-1,-1,19),(3798,6,13,0,-1,-1,19),(3799,6,14,0,-1,-1,19),(3800,6,15,1,-1,-1,19),(3801,6,16,1,-1,-1,19),(3802,6,17,1,-1,-1,19),(3803,6,18,1,-1,-1,19),(3804,6,19,1,-1,-1,19),(3805,6,20,0,-1,-1,19),(3806,6,21,0,-1,-1,19),(3807,6,22,0,-1,-1,19),(3808,6,23,0,-1,-1,19),(3809,6,24,0,-1,-1,19),(3810,6,25,0,-1,-1,19),(3811,6,26,0,-1,-1,19),(3812,6,27,0,-1,-1,19),(3813,6,28,0,-1,-1,19),(3814,6,29,0,-1,-1,19),(3815,6,30,0,-1,-1,19),(3816,6,31,0,-1,-1,19),(3817,6,32,0,-1,-1,19),(3818,7,0,0,-1,-1,19),(3819,7,1,0,-1,-1,19),(3820,7,2,0,-1,-1,19),(3821,7,3,0,-1,-1,19),(3822,7,4,0,-1,-1,19),(3823,7,5,0,-1,-1,19),(3824,7,6,0,-1,-1,19),(3825,7,7,0,-1,-1,19),(3826,7,8,0,-1,-1,19),(3827,7,9,0,-1,-1,19),(3828,7,10,0,-1,-1,19),(3829,7,11,0,-1,-1,19),(3830,7,12,0,-1,-1,19),(3831,7,13,0,-1,-1,19),(3832,7,14,0,-1,-1,19),(3833,7,15,1,-1,-1,19),(3834,7,16,1,-1,-1,19),(3835,7,17,1,-1,-1,19),(3836,7,18,1,-1,-1,19),(3837,7,19,1,-1,-1,19),(3838,7,20,0,-1,-1,19),(3839,7,21,0,-1,-1,19),(3840,7,22,0,-1,-1,19),(3841,7,23,0,-1,-1,19),(3842,7,24,0,-1,-1,19),(3843,7,25,0,-1,-1,19),(3844,7,26,0,-1,-1,19),(3845,7,27,0,-1,-1,19),(3846,7,28,0,-1,-1,19),(3847,7,29,0,-1,-1,19),(3848,7,30,0,-1,-1,19),(3849,7,31,0,-1,-1,19),(3850,7,32,0,-1,-1,19),(3851,8,0,0,-1,-1,19),(3852,8,1,0,-1,-1,19),(3853,8,2,0,-1,-1,19),(3854,8,3,0,-1,-1,19),(3855,8,4,0,-1,-1,19),(3856,8,5,0,-1,-1,19),(3857,8,6,0,-1,-1,19),(3858,8,7,0,-1,-1,19),(3859,8,8,0,-1,-1,19),(3860,8,9,0,-1,-1,19),(3861,8,10,0,-1,-1,19),(3862,8,11,0,-1,-1,19),(3863,8,12,0,-1,-1,19),(3864,8,13,0,-1,-1,19),(3865,8,14,0,-1,-1,19),(3866,8,15,1,-1,-1,19),(3867,8,16,1,-1,-1,19),(3868,8,17,1,-1,-1,19),(3869,8,18,1,-1,-1,19),(3870,8,19,1,-1,-1,19),(3871,8,20,0,-1,-1,19),(3872,8,21,0,-1,-1,19),(3873,8,22,0,-1,-1,19),(3874,8,23,0,-1,-1,19),(3875,8,24,0,-1,-1,19),(3876,8,25,0,-1,-1,19),(3877,8,26,0,-1,-1,19),(3878,8,27,0,-1,-1,19),(3879,8,28,0,-1,-1,19),(3880,8,29,0,-1,-1,19),(3881,8,30,0,-1,-1,19),(3882,8,31,0,-1,-1,19),(3883,8,32,0,-1,-1,19),(3884,9,0,0,-1,-1,19),(3885,9,1,0,-1,-1,19),(3886,9,2,0,-1,-1,19),(3887,9,3,0,-1,-1,19),(3888,9,4,0,-1,-1,19),(3889,9,5,0,-1,-1,19),(3890,9,6,0,-1,-1,19),(3891,9,7,0,-1,-1,19),(3892,9,8,0,-1,-1,19),(3893,9,9,0,-1,-1,19),(3894,9,10,0,-1,-1,19),(3895,9,11,0,-1,-1,19),(3896,9,12,0,-1,-1,19),(3897,9,13,0,-1,-1,19),(3898,9,14,0,-1,-1,19),(3899,9,15,1,-1,-1,19),(3900,9,16,1,-1,-1,19),(3901,9,17,1,-1,-1,19),(3902,9,18,1,-1,-1,19),(3903,9,19,1,-1,-1,19),(3904,9,20,0,-1,-1,19),(3905,9,21,0,-1,-1,19),(3906,9,22,0,-1,-1,19),(3907,9,23,0,-1,-1,19),(3908,9,24,0,-1,-1,19),(3909,9,25,0,-1,-1,19),(3910,9,26,0,-1,-1,19),(3911,9,27,0,-1,-1,19),(3912,9,28,0,-1,-1,19),(3913,9,29,0,-1,-1,19),(3914,9,30,0,-1,-1,19),(3915,9,31,0,-1,-1,19),(3916,10,0,0,-1,-1,19),(3917,10,1,0,-1,-1,19),(3918,10,2,0,-1,-1,19),(3919,10,3,0,-1,-1,19),(3920,10,4,0,-1,-1,19),(3921,10,5,0,-1,-1,19),(3922,10,6,0,-1,-1,19),(3923,10,7,0,-1,-1,19),(3924,10,8,0,-1,-1,19),(3925,10,9,0,-1,-1,19),(3926,10,10,0,-1,-1,19),(3927,10,11,0,-1,-1,19),(3928,10,12,0,-1,-1,19),(3929,10,13,0,-1,-1,19),(3930,10,14,0,-1,-1,19),(3931,10,15,1,-1,-1,19),(3932,10,16,1,-1,-1,19),(3933,10,17,1,-1,-1,19),(3934,10,18,1,-1,-1,19),(3935,10,19,1,-1,-1,19),(3936,10,20,0,-1,-1,19),(3937,10,21,0,-1,-1,19),(3938,10,22,0,-1,-1,19),(3939,10,23,0,-1,-1,19),(3940,10,24,0,-1,-1,19),(3941,10,25,0,-1,-1,19),(3942,10,26,0,-1,-1,19),(3943,10,27,0,-1,-1,19),(3944,10,28,0,-1,-1,19),(3945,10,29,0,-1,-1,19),(3946,10,30,0,-1,-1,19),(3947,10,31,0,-1,-1,19),(3948,10,32,0,13,1,19),(3949,11,0,0,-1,-1,19),(3950,11,1,0,-1,-1,19),(3951,11,2,0,-1,-1,19),(3952,11,3,0,-1,-1,19),(3953,11,4,0,-1,-1,19),(3954,11,5,0,-1,-1,19),(3955,11,6,0,-1,-1,19),(3956,11,7,0,-1,-1,19),(3957,11,8,0,-1,-1,19),(3958,11,9,0,-1,-1,19),(3959,11,10,0,-1,-1,19),(3960,11,11,0,-1,-1,19),(3961,11,12,0,-1,-1,19),(3962,11,13,0,-1,-1,19),(3963,11,14,0,-1,-1,19),(3964,11,15,1,-1,-1,19),(3965,11,16,1,-1,-1,19),(3966,11,17,1,-1,-1,19),(3967,11,18,1,-1,-1,19),(3968,11,19,1,-1,-1,19),(3969,11,20,0,-1,-1,19),(3970,11,21,0,-1,-1,19),(3971,11,22,0,-1,-1,19),(3972,11,23,0,-1,-1,19),(3973,11,24,0,-1,-1,19),(3974,11,25,0,-1,-1,19),(3975,11,26,0,-1,-1,19),(3976,11,27,0,-1,-1,19),(3977,11,28,0,-1,-1,19),(3978,11,29,0,-1,-1,19),(3979,11,30,0,-1,-1,19),(3980,11,31,0,-1,-1,19),(3981,11,32,0,14,1,19),(3982,12,0,0,-1,-1,19),(3983,12,1,0,-1,-1,19),(3984,12,2,0,-1,-1,19),(3985,12,3,0,-1,-1,19),(3986,12,4,0,-1,-1,19),(3987,12,5,0,-1,-1,19),(3988,12,6,0,-1,-1,19),(3989,12,7,0,-1,-1,19),(3990,12,8,0,-1,-1,19),(3991,12,9,0,-1,-1,19),(3992,12,10,0,-1,-1,19),(3993,12,11,0,-1,-1,19),(3994,12,12,0,-1,-1,19),(3995,12,13,0,-1,-1,19),(3996,12,14,0,-1,-1,19),(3997,12,15,1,-1,-1,19),(3998,12,16,1,-1,-1,19),(3999,12,17,1,-1,-1,19),(4000,12,18,1,-1,-1,19),(4001,12,19,1,-1,-1,19),(4002,12,20,0,-1,-1,19),(4003,12,21,0,-1,-1,19),(4004,12,22,0,-1,-1,19),(4005,12,23,0,-1,-1,19),(4006,12,24,0,-1,-1,19),(4007,12,25,0,-1,-1,19),(4008,12,26,0,-1,-1,19),(4009,12,27,0,-1,-1,19),(4010,12,28,0,-1,-1,19),(4011,12,29,0,-1,-1,19),(4012,12,30,0,-1,-1,19),(4013,12,31,0,-1,-1,19),(4014,13,0,0,-1,-1,19),(4015,13,1,0,-1,-1,19),(4016,13,2,0,-1,-1,19),(4017,13,3,0,-1,-1,19),(4018,13,4,0,-1,-1,19),(4019,13,5,0,-1,-1,19),(4020,13,6,0,-1,-1,19),(4021,13,7,0,-1,-1,19),(4022,13,8,0,-1,-1,19),(4023,13,9,0,-1,-1,19),(4024,13,10,0,-1,-1,19),(4025,13,11,0,-1,-1,19),(4026,13,12,0,-1,-1,19),(4027,13,13,0,-1,-1,19),(4028,13,14,0,-1,-1,19),(4029,13,15,1,-1,-1,19),(4030,13,16,1,-1,-1,19),(4031,13,17,1,-1,-1,19),(4032,13,18,1,-1,-1,19),(4033,13,19,1,-1,-1,19),(4034,13,20,0,-1,-1,19),(4035,13,21,0,-1,-1,19),(4036,13,22,0,-1,-1,19),(4037,13,23,0,-1,-1,19),(4038,13,24,0,-1,-1,19),(4039,13,25,0,-1,-1,19),(4040,13,26,0,-1,-1,19),(4041,13,27,0,-1,-1,19),(4042,13,28,0,-1,-1,19),(4043,13,29,0,-1,-1,19),(4044,13,30,0,-1,-1,19),(4045,13,31,0,-1,-1,19),(4046,14,0,0,-1,-1,19),(4047,14,1,0,-1,-1,19),(4048,14,2,0,-1,-1,19),(4049,14,3,0,-1,-1,19),(4050,14,4,0,-1,-1,19),(4051,14,5,0,-1,-1,19),(4052,14,6,0,-1,-1,19),(4053,14,7,0,-1,-1,19),(4054,14,8,0,-1,-1,19),(4055,14,9,0,-1,-1,19),(4056,14,10,0,-1,-1,19),(4057,14,11,0,-1,-1,19),(4058,14,12,0,-1,-1,19),(4059,14,13,0,-1,-1,19),(4060,14,14,0,-1,-1,19),(4061,14,15,1,-1,-1,19),(4062,14,16,1,-1,-1,19),(4063,14,17,1,-1,-1,19),(4064,14,18,1,-1,-1,19),(4065,14,19,1,-1,-1,19),(4066,14,20,0,-1,-1,19),(4067,14,21,0,-1,-1,19),(4068,14,22,0,-1,-1,19),(4069,14,23,0,-1,-1,19),(4070,14,24,0,-1,-1,19),(4071,14,25,0,-1,-1,19),(4072,14,26,0,-1,-1,19),(4073,14,27,0,-1,-1,19),(4074,14,28,0,-1,-1,19),(4075,14,29,0,-1,-1,19),(4076,14,30,0,-1,-1,19),(4077,14,31,0,-1,-1,19),(4078,15,0,0,-1,-1,19),(4079,15,1,0,-1,-1,19),(4080,15,2,0,-1,-1,19),(4081,15,3,0,-1,-1,19),(4082,15,4,0,-1,-1,19),(4083,15,5,0,-1,-1,19),(4084,15,6,0,-1,-1,19),(4085,15,7,0,-1,-1,19),(4086,15,8,0,-1,-1,19),(4087,15,9,0,-1,-1,19),(4088,15,10,0,-1,-1,19),(4089,15,11,0,-1,-1,19),(4090,15,12,0,-1,-1,19),(4091,15,13,0,-1,-1,19),(4092,15,14,0,-1,-1,19),(4093,15,15,1,-1,-1,19),(4094,15,16,1,-1,-1,19),(4095,15,17,1,-1,-1,19),(4096,15,18,1,-1,-1,19),(4097,15,19,1,-1,-1,19),(4098,15,20,0,-1,-1,19),(4099,15,21,0,-1,-1,19),(4100,15,22,0,-1,-1,19),(4101,15,23,0,-1,-1,19),(4102,15,24,0,-1,-1,19),(4103,15,25,0,-1,-1,19),(4104,15,26,0,-1,-1,19),(4105,15,27,0,-1,-1,19),(4106,15,28,0,-1,-1,19),(4107,15,29,0,-1,-1,19),(4108,15,30,0,-1,-1,19),(4109,15,31,0,-1,-1,19),(4110,16,0,0,-1,-1,19),(4111,16,1,0,-1,-1,19),(4112,16,2,0,-1,-1,19),(4113,16,3,0,-1,-1,19),(4114,16,4,0,-1,-1,19),(4115,16,5,0,-1,-1,19),(4116,16,6,0,-1,-1,19),(4117,16,7,0,-1,-1,19),(4118,16,8,0,-1,-1,19),(4119,16,9,0,-1,-1,19),(4120,16,10,0,-1,-1,19),(4121,16,11,0,-1,-1,19),(4122,16,12,0,-1,-1,19),(4123,16,13,0,-1,-1,19),(4124,16,14,0,-1,-1,19),(4125,16,15,1,-1,-1,19),(4126,16,16,1,-1,-1,19),(4127,16,17,1,-1,-1,19),(4128,16,18,1,-1,-1,19),(4129,16,19,1,-1,-1,19),(4130,16,20,0,-1,-1,19),(4131,16,21,0,-1,-1,19),(4132,16,22,0,-1,-1,19),(4133,16,23,0,-1,-1,19),(4134,16,24,0,-1,-1,19),(4135,16,25,0,-1,-1,19),(4136,16,26,0,-1,-1,19),(4137,16,27,0,-1,-1,19),(4138,16,28,0,-1,-1,19),(4139,16,29,0,-1,-1,19),(4140,16,30,0,-1,-1,19),(4141,16,31,0,-1,-1,19),(4142,0,0,0,-1,-1,19),(4143,0,1,0,-1,-1,19),(4144,0,2,0,-1,-1,19),(4145,0,3,0,-1,-1,19),(4146,0,4,0,-1,-1,19),(4147,0,5,0,-1,-1,19),(4148,0,6,0,-1,-1,19),(4149,0,7,0,-1,-1,19),(4150,0,8,0,-1,-1,19),(4151,0,9,0,-1,-1,19),(4152,0,10,0,-1,-1,19),(4153,0,11,0,-1,-1,19),(4154,0,12,0,-1,-1,19),(4155,0,13,0,-1,-1,19),(4156,0,14,0,-1,-1,19),(4157,0,15,0,-1,-1,19),(4158,0,16,0,-1,-1,19),(4159,0,17,0,-1,-1,19),(4160,0,18,0,-1,-1,19),(4161,0,19,0,-1,-1,19),(4162,0,20,0,-1,-1,19),(4163,0,21,0,-1,-1,19),(4164,0,22,0,-1,-1,19),(4165,0,23,0,-1,-1,19),(4166,0,24,0,-1,-1,19),(4167,0,25,0,-1,-1,19),(4168,0,26,0,-1,-1,19),(4169,0,27,0,-1,-1,19),(4170,0,28,0,-1,-1,19),(4171,0,29,0,-1,-1,19),(4172,0,30,0,-1,-1,19),(4173,0,31,0,-1,-1,19),(4174,0,32,0,-1,-1,19),(4175,0,33,0,-1,-1,19),(4176,0,34,0,-1,-1,19),(4177,0,35,0,-1,-1,19),(4178,0,36,0,-1,-1,19),(4179,0,37,0,-1,-1,19),(4180,1,0,0,-1,-1,19),(4181,1,1,0,-1,-1,19),(4182,1,2,0,-1,-1,19),(4183,1,3,0,-1,-1,19),(4184,1,4,0,-1,-1,19),(4185,1,5,0,-1,-1,19),(4186,1,6,0,-1,-1,19),(4187,1,7,0,-1,-1,19),(4188,1,8,0,-1,-1,19),(4189,1,9,0,-1,-1,19),(4190,1,10,0,-1,-1,19),(4191,1,11,0,-1,-1,19),(4192,1,12,0,-1,-1,19),(4193,1,13,0,-1,-1,19),(4194,1,14,0,-1,-1,19),(4195,1,15,1,-1,-1,19),(4196,1,16,1,-1,-1,19),(4197,1,17,1,-1,-1,19),(4198,1,18,1,-1,-1,19),(4199,1,19,1,-1,-1,19),(4200,1,20,0,-1,-1,19),(4201,1,21,0,-1,-1,19),(4202,1,22,0,-1,-1,19),(4203,1,23,0,-1,-1,19),(4204,1,24,0,-1,-1,19),(4205,1,25,0,-1,-1,19),(4206,1,26,0,-1,-1,19),(4207,1,27,0,-1,-1,19),(4208,1,28,0,-1,-1,19),(4209,1,29,0,-1,-1,19),(4210,1,30,0,-1,-1,19),(4211,1,31,0,-1,-1,19),(4212,1,32,0,-1,-1,19),(4213,2,0,0,-1,-1,19),(4214,2,1,0,-1,-1,19),(4215,2,2,0,-1,-1,19),(4216,2,3,0,-1,-1,19),(4217,2,4,0,-1,-1,19),(4218,2,5,0,-1,-1,19),(4219,2,6,0,-1,-1,19),(4220,2,7,0,-1,-1,19),(4221,2,8,0,-1,-1,19),(4222,2,9,0,-1,-1,19),(4223,2,10,0,-1,-1,19),(4224,2,11,0,-1,-1,19),(4225,2,12,0,-1,-1,19),(4226,2,13,0,-1,-1,19),(4227,2,14,0,-1,-1,19),(4228,2,15,1,-1,-1,19),(4229,2,16,1,-1,-1,19),(4230,2,17,1,-1,-1,19),(4231,2,18,1,-1,-1,19),(4232,2,19,1,-1,-1,19),(4233,2,20,0,-1,-1,19),(4234,2,21,0,-1,-1,19),(4235,2,22,0,-1,-1,19),(4236,2,23,0,-1,-1,19),(4237,2,24,0,-1,-1,19),(4238,2,25,0,-1,-1,19),(4239,2,26,0,-1,-1,19),(4240,2,27,0,-1,-1,19),(4241,2,28,0,-1,-1,19),(4242,2,29,0,-1,-1,19),(4243,2,30,0,-1,-1,19),(4244,2,31,0,-1,-1,19),(4245,2,32,0,-1,-1,19),(4246,3,0,0,-1,-1,19),(4247,3,1,0,-1,-1,19),(4248,3,2,0,-1,-1,19),(4249,3,3,0,-1,-1,19),(4250,3,4,0,-1,-1,19),(4251,3,5,0,-1,-1,19),(4252,3,6,0,-1,-1,19),(4253,3,7,0,-1,-1,19),(4254,3,8,0,-1,-1,19),(4255,3,9,0,-1,-1,19),(4256,3,10,0,-1,-1,19),(4257,3,11,0,-1,-1,19),(4258,3,12,0,-1,-1,19),(4259,3,13,0,-1,-1,19),(4260,3,14,0,-1,-1,19),(4261,3,15,1,-1,-1,19),(4262,3,16,1,-1,-1,19),(4263,3,17,1,-1,-1,19),(4264,3,18,1,-1,-1,19),(4265,3,19,1,-1,-1,19),(4266,3,20,0,-1,-1,19),(4267,3,21,0,-1,-1,19),(4268,3,22,0,-1,-1,19),(4269,3,23,0,-1,-1,19),(4270,3,24,0,-1,-1,19),(4271,3,25,0,-1,-1,19),(4272,3,26,0,-1,-1,19),(4273,3,27,0,-1,-1,19),(4274,3,28,0,-1,-1,19),(4275,3,29,0,-1,-1,19),(4276,3,30,0,-1,-1,19),(4277,3,31,0,-1,-1,19),(4278,3,32,0,-1,-1,19),(4279,4,0,0,-1,-1,19),(4280,4,1,0,-1,-1,19),(4281,4,2,0,-1,-1,19),(4282,4,3,0,-1,-1,19),(4283,4,4,0,-1,-1,19),(4284,4,5,0,-1,-1,19),(4285,4,6,0,-1,-1,19),(4286,4,7,0,-1,-1,19),(4287,4,8,0,-1,-1,19),(4288,4,9,0,-1,-1,19),(4289,4,10,0,-1,-1,19),(4290,4,11,0,-1,-1,19),(4291,4,12,0,-1,-1,19),(4292,4,13,0,-1,-1,19),(4293,4,14,0,-1,-1,19),(4294,4,15,1,-1,-1,19),(4295,4,16,1,-1,-1,19),(4296,4,17,1,-1,-1,19),(4297,4,18,1,-1,-1,19),(4298,4,19,1,-1,-1,19),(4299,4,20,0,-1,-1,19),(4300,4,21,0,-1,-1,19),(4301,4,22,0,-1,-1,19),(4302,4,23,0,-1,-1,19),(4303,4,24,0,-1,-1,19),(4304,4,25,0,-1,-1,19),(4305,4,26,0,-1,-1,19),(4306,4,27,0,-1,-1,19),(4307,4,28,0,-1,-1,19),(4308,4,29,0,-1,-1,19),(4309,4,30,0,-1,-1,19),(4310,4,31,0,-1,-1,19),(4311,4,32,0,-1,-1,19),(4312,5,0,0,-1,-1,19),(4313,5,1,0,-1,-1,19),(4314,5,2,0,-1,-1,19),(4315,5,3,0,-1,-1,19),(4316,5,4,0,-1,-1,19),(4317,5,5,0,-1,-1,19),(4318,5,6,0,-1,-1,19),(4319,5,7,0,-1,-1,19),(4320,5,8,0,-1,-1,19),(4321,5,9,0,-1,-1,19),(4322,5,10,0,-1,-1,19),(4323,5,11,0,-1,-1,19),(4324,5,12,0,-1,-1,19),(4325,5,13,0,-1,-1,19),(4326,5,14,0,-1,-1,19),(4327,5,15,1,-1,-1,19),(4328,5,16,1,-1,-1,19),(4329,5,17,1,-1,-1,19),(4330,5,18,1,-1,-1,19),(4331,5,19,1,-1,-1,19),(4332,5,20,0,-1,-1,19),(4333,5,21,0,-1,-1,19),(4334,5,22,0,-1,-1,19),(4335,5,23,0,-1,-1,19),(4336,5,24,0,-1,-1,19),(4337,5,25,0,-1,-1,19),(4338,5,26,0,-1,-1,19),(4339,5,27,0,-1,-1,19),(4340,5,28,0,-1,-1,19),(4341,5,29,0,-1,-1,19),(4342,5,30,0,-1,-1,19),(4343,5,31,0,-1,-1,19),(4344,5,32,0,-1,-1,19),(4345,6,0,0,-1,-1,19),(4346,6,1,0,-1,-1,19),(4347,6,2,0,-1,-1,19),(4348,6,3,0,-1,-1,19),(4349,6,4,0,-1,-1,19),(4350,6,5,0,-1,-1,19),(4351,6,6,0,-1,-1,19),(4352,6,7,0,-1,-1,19),(4353,6,8,0,-1,-1,19),(4354,6,9,0,-1,-1,19),(4355,6,10,0,-1,-1,19),(4356,6,11,0,-1,-1,19),(4357,6,12,0,-1,-1,19),(4358,6,13,0,-1,-1,19),(4359,6,14,0,-1,-1,19),(4360,6,15,1,-1,-1,19),(4361,6,16,1,-1,-1,19),(4362,6,17,1,-1,-1,19),(4363,6,18,1,-1,-1,19),(4364,6,19,1,-1,-1,19),(4365,6,20,0,-1,-1,19),(4366,6,21,0,-1,-1,19),(4367,6,22,0,-1,-1,19),(4368,6,23,0,-1,-1,19),(4369,6,24,0,-1,-1,19),(4370,6,25,0,-1,-1,19),(4371,6,26,0,-1,-1,19),(4372,6,27,0,-1,-1,19),(4373,6,28,0,-1,-1,19),(4374,6,29,0,-1,-1,19),(4375,6,30,0,-1,-1,19),(4376,6,31,0,-1,-1,19),(4377,6,32,0,-1,-1,19),(4378,7,0,0,-1,-1,19),(4379,7,1,0,-1,-1,19),(4380,7,2,0,-1,-1,19),(4381,7,3,0,-1,-1,19),(4382,7,4,0,-1,-1,19),(4383,7,5,0,-1,-1,19),(4384,7,6,0,-1,-1,19),(4385,7,7,0,-1,-1,19),(4386,7,8,0,-1,-1,19),(4387,7,9,0,-1,-1,19),(4388,7,10,0,-1,-1,19),(4389,7,11,0,-1,-1,19),(4390,7,12,0,-1,-1,19),(4391,7,13,0,-1,-1,19),(4392,7,14,0,-1,-1,19),(4393,7,15,1,-1,-1,19),(4394,7,16,1,-1,-1,19),(4395,7,17,1,-1,-1,19),(4396,7,18,1,-1,-1,19),(4397,7,19,1,-1,-1,19),(4398,7,20,0,-1,-1,19),(4399,7,21,0,-1,-1,19),(4400,7,22,0,-1,-1,19),(4401,7,23,0,-1,-1,19),(4402,7,24,0,-1,-1,19),(4403,7,25,0,-1,-1,19),(4404,7,26,0,-1,-1,19),(4405,7,27,0,-1,-1,19),(4406,7,28,0,-1,-1,19),(4407,7,29,0,-1,-1,19),(4408,7,30,0,-1,-1,19),(4409,7,31,0,-1,-1,19),(4410,7,32,0,-1,-1,19),(4411,8,0,0,-1,-1,19),(4412,8,1,0,-1,-1,19),(4413,8,2,0,-1,-1,19),(4414,8,3,0,-1,-1,19),(4415,8,4,0,-1,-1,19),(4416,8,5,0,-1,-1,19),(4417,8,6,0,-1,-1,19),(4418,8,7,0,-1,-1,19),(4419,8,8,0,-1,-1,19),(4420,8,9,0,-1,-1,19),(4421,8,10,0,-1,-1,19),(4422,8,11,0,-1,-1,19),(4423,8,12,0,-1,-1,19),(4424,8,13,0,-1,-1,19),(4425,8,14,0,-1,-1,19),(4426,8,15,1,-1,-1,19),(4427,8,16,1,-1,-1,19),(4428,8,17,1,-1,-1,19),(4429,8,18,1,-1,-1,19),(4430,8,19,1,-1,-1,19),(4431,8,20,0,-1,-1,19),(4432,8,21,0,-1,-1,19),(4433,8,22,0,-1,-1,19),(4434,8,23,0,-1,-1,19),(4435,8,24,0,-1,-1,19),(4436,8,25,0,-1,-1,19),(4437,8,26,0,-1,-1,19),(4438,8,27,0,-1,-1,19),(4439,8,28,0,-1,-1,19),(4440,8,29,0,-1,-1,19),(4441,8,30,0,-1,-1,19),(4442,8,31,0,-1,-1,19),(4443,8,32,0,-1,-1,19),(4444,9,0,0,-1,-1,19),(4445,9,1,0,-1,-1,19),(4446,9,2,0,-1,-1,19),(4447,9,3,0,-1,-1,19),(4448,9,4,0,-1,-1,19),(4449,9,5,0,-1,-1,19),(4450,9,6,0,-1,-1,19),(4451,9,7,0,-1,-1,19),(4452,9,8,0,-1,-1,19),(4453,9,9,0,-1,-1,19),(4454,9,10,0,-1,-1,19),(4455,9,11,0,-1,-1,19),(4456,9,12,0,-1,-1,19),(4457,9,13,0,-1,-1,19),(4458,9,14,0,-1,-1,19),(4459,9,15,1,-1,-1,19),(4460,9,16,1,-1,-1,19),(4461,9,17,1,-1,-1,19),(4462,9,18,1,-1,-1,19),(4463,9,19,1,-1,-1,19),(4464,9,20,0,-1,-1,19),(4465,9,21,0,-1,-1,19),(4466,9,22,0,-1,-1,19),(4467,9,23,0,-1,-1,19),(4468,9,24,0,-1,-1,19),(4469,9,25,0,-1,-1,19),(4470,9,26,0,-1,-1,19),(4471,9,27,0,-1,-1,19),(4472,9,28,0,-1,-1,19),(4473,9,29,0,-1,-1,19),(4474,9,30,0,-1,-1,19),(4475,9,31,0,-1,-1,19),(4476,10,0,0,-1,-1,19),(4477,10,1,0,-1,-1,19),(4478,10,2,0,-1,-1,19),(4479,10,3,0,-1,-1,19),(4480,10,4,0,-1,-1,19),(4481,10,5,0,-1,-1,19),(4482,10,6,0,-1,-1,19),(4483,10,7,0,-1,-1,19),(4484,10,8,0,-1,-1,19),(4485,10,9,0,-1,-1,19),(4486,10,10,0,-1,-1,19),(4487,10,11,0,-1,-1,19),(4488,10,12,0,-1,-1,19),(4489,10,13,0,-1,-1,19),(4490,10,14,0,-1,-1,19),(4491,10,15,1,-1,-1,19),(4492,10,16,1,-1,-1,19),(4493,10,17,1,-1,-1,19),(4494,10,18,1,-1,-1,19),(4495,10,19,1,-1,-1,19),(4496,10,20,0,-1,-1,19),(4497,10,21,0,-1,-1,19),(4498,10,22,0,-1,-1,19),(4499,10,23,0,-1,-1,19),(4500,10,24,0,-1,-1,19),(4501,10,25,0,-1,-1,19),(4502,10,26,0,-1,-1,19),(4503,10,27,0,-1,-1,19),(4504,10,28,0,-1,-1,19),(4505,10,29,0,-1,-1,19),(4506,10,30,0,-1,-1,19),(4507,10,31,0,-1,-1,19),(4508,10,32,0,13,1,19),(4509,11,0,0,-1,-1,19),(4510,11,1,0,-1,-1,19),(4511,11,2,0,-1,-1,19),(4512,11,3,0,-1,-1,19),(4513,11,4,0,-1,-1,19),(4514,11,5,0,-1,-1,19),(4515,11,6,0,-1,-1,19),(4516,11,7,0,-1,-1,19),(4517,11,8,0,-1,-1,19),(4518,11,9,0,-1,-1,19),(4519,11,10,0,-1,-1,19),(4520,11,11,0,-1,-1,19),(4521,11,12,0,-1,-1,19),(4522,11,13,0,-1,-1,19),(4523,11,14,0,-1,-1,19),(4524,11,15,1,-1,-1,19),(4525,11,16,1,-1,-1,19),(4526,11,17,1,-1,-1,19),(4527,11,18,1,-1,-1,19),(4528,11,19,1,-1,-1,19),(4529,11,20,0,-1,-1,19),(4530,11,21,0,-1,-1,19),(4531,11,22,0,-1,-1,19),(4532,11,23,0,-1,-1,19),(4533,11,24,0,-1,-1,19),(4534,11,25,0,-1,-1,19),(4535,11,26,0,-1,-1,19),(4536,11,27,0,-1,-1,19),(4537,11,28,0,-1,-1,19),(4538,11,29,0,-1,-1,19),(4539,11,30,0,-1,-1,19),(4540,11,31,0,-1,-1,19),(4541,11,32,0,14,1,19),(4542,12,0,0,-1,-1,19),(4543,12,1,0,-1,-1,19),(4544,12,2,0,-1,-1,19),(4545,12,3,0,-1,-1,19),(4546,12,4,0,-1,-1,19),(4547,12,5,0,-1,-1,19),(4548,12,6,0,-1,-1,19),(4549,12,7,0,-1,-1,19),(4550,12,8,0,-1,-1,19),(4551,12,9,0,-1,-1,19),(4552,12,10,0,-1,-1,19),(4553,12,11,0,-1,-1,19),(4554,12,12,0,-1,-1,19),(4555,12,13,0,-1,-1,19),(4556,12,14,0,-1,-1,19),(4557,12,15,1,-1,-1,19),(4558,12,16,1,-1,-1,19),(4559,12,17,1,-1,-1,19),(4560,12,18,1,-1,-1,19),(4561,12,19,1,-1,-1,19),(4562,12,20,0,-1,-1,19),(4563,12,21,0,-1,-1,19),(4564,12,22,0,-1,-1,19),(4565,12,23,0,-1,-1,19),(4566,12,24,0,-1,-1,19),(4567,12,25,0,-1,-1,19),(4568,12,26,0,-1,-1,19),(4569,12,27,0,-1,-1,19),(4570,12,28,0,-1,-1,19),(4571,12,29,0,-1,-1,19),(4572,12,30,0,-1,-1,19),(4573,12,31,0,-1,-1,19),(4574,13,0,0,-1,-1,19),(4575,13,1,0,-1,-1,19),(4576,13,2,0,-1,-1,19),(4577,13,3,0,-1,-1,19),(4578,13,4,0,-1,-1,19),(4579,13,5,0,-1,-1,19),(4580,13,6,0,-1,-1,19),(4581,13,7,0,-1,-1,19),(4582,13,8,0,-1,-1,19),(4583,13,9,0,-1,-1,19),(4584,13,10,0,-1,-1,19),(4585,13,11,0,-1,-1,19),(4586,13,12,0,-1,-1,19),(4587,13,13,0,-1,-1,19),(4588,13,14,0,-1,-1,19),(4589,13,15,1,-1,-1,19),(4590,13,16,1,-1,-1,19),(4591,13,17,1,-1,-1,19),(4592,13,18,1,-1,-1,19),(4593,13,19,1,-1,-1,19),(4594,13,20,0,-1,-1,19),(4595,13,21,0,-1,-1,19),(4596,13,22,0,-1,-1,19),(4597,13,23,0,-1,-1,19),(4598,13,24,0,-1,-1,19),(4599,13,25,0,-1,-1,19),(4600,13,26,0,-1,-1,19),(4601,13,27,0,-1,-1,19),(4602,13,28,0,-1,-1,19),(4603,13,29,0,-1,-1,19),(4604,13,30,0,-1,-1,19),(4605,13,31,0,-1,-1,19),(4606,14,0,0,-1,-1,19),(4607,14,1,0,-1,-1,19),(4608,14,2,0,-1,-1,19),(4609,14,3,0,-1,-1,19),(4610,14,4,0,-1,-1,19),(4611,14,5,0,-1,-1,19),(4612,14,6,0,-1,-1,19),(4613,14,7,0,-1,-1,19),(4614,14,8,0,-1,-1,19),(4615,14,9,0,-1,-1,19),(4616,14,10,0,-1,-1,19),(4617,14,11,0,-1,-1,19),(4618,14,12,0,-1,-1,19),(4619,14,13,0,-1,-1,19),(4620,14,14,0,-1,-1,19),(4621,14,15,1,-1,-1,19),(4622,14,16,1,-1,-1,19),(4623,14,17,1,-1,-1,19),(4624,14,18,1,-1,-1,19),(4625,14,19,1,-1,-1,19),(4626,14,20,0,-1,-1,19),(4627,14,21,0,-1,-1,19),(4628,14,22,0,-1,-1,19),(4629,14,23,0,-1,-1,19),(4630,14,24,0,-1,-1,19),(4631,14,25,0,-1,-1,19),(4632,14,26,0,-1,-1,19),(4633,14,27,0,-1,-1,19),(4634,14,28,0,-1,-1,19),(4635,14,29,0,-1,-1,19),(4636,14,30,0,-1,-1,19),(4637,14,31,0,-1,-1,19),(4638,15,0,0,-1,-1,19),(4639,15,1,0,-1,-1,19),(4640,15,2,0,-1,-1,19),(4641,15,3,0,-1,-1,19),(4642,15,4,0,-1,-1,19),(4643,15,5,0,-1,-1,19),(4644,15,6,0,-1,-1,19),(4645,15,7,0,-1,-1,19),(4646,15,8,0,-1,-1,19),(4647,15,9,0,-1,-1,19),(4648,15,10,0,-1,-1,19),(4649,15,11,0,-1,-1,19),(4650,15,12,0,-1,-1,19),(4651,15,13,0,-1,-1,19),(4652,15,14,0,-1,-1,19),(4653,15,15,1,-1,-1,19),(4654,15,16,1,-1,-1,19),(4655,15,17,1,-1,-1,19),(4656,15,18,1,-1,-1,19),(4657,15,19,1,-1,-1,19),(4658,15,20,0,-1,-1,19),(4659,15,21,0,-1,-1,19),(4660,15,22,0,-1,-1,19),(4661,15,23,0,-1,-1,19),(4662,15,24,0,-1,-1,19),(4663,15,25,0,-1,-1,19),(4664,15,26,0,-1,-1,19),(4665,15,27,0,-1,-1,19),(4666,15,28,0,-1,-1,19),(4667,15,29,0,-1,-1,19),(4668,15,30,0,-1,-1,19),(4669,15,31,0,-1,-1,19),(4670,16,0,0,-1,-1,19),(4671,16,1,0,-1,-1,19),(4672,16,2,0,-1,-1,19),(4673,16,3,0,-1,-1,19),(4674,16,4,0,-1,-1,19),(4675,16,5,0,-1,-1,19),(4676,16,6,0,-1,-1,19),(4677,16,7,0,-1,-1,19),(4678,16,8,0,-1,-1,19),(4679,16,9,0,-1,-1,19),(4680,16,10,0,-1,-1,19),(4681,16,11,0,-1,-1,19),(4682,16,12,0,-1,-1,19),(4683,16,13,0,-1,-1,19),(4684,16,14,0,-1,-1,19),(4685,16,15,1,-1,-1,19),(4686,16,16,1,-1,-1,19),(4687,16,17,1,-1,-1,19),(4688,16,18,1,-1,-1,19),(4689,16,19,1,-1,-1,19),(4690,16,20,0,-1,-1,19),(4691,16,21,0,-1,-1,19),(4692,16,22,0,-1,-1,19),(4693,16,23,0,-1,-1,19),(4694,16,24,0,-1,-1,19),(4695,16,25,0,-1,-1,19),(4696,16,26,0,-1,-1,19),(4697,16,27,0,-1,-1,19),(4698,16,28,0,-1,-1,19),(4699,16,29,0,-1,-1,19),(4700,16,30,0,-1,-1,19),(4701,16,31,0,-1,-1,19),(4702,0,0,0,6,0,20),(4703,0,1,0,6,1,20),(4704,0,2,0,7,0,20),(4705,1,0,0,-1,-1,20),(4706,1,1,0,7,1,20),(4707,2,0,0,8,0,20),(4708,2,1,0,-1,-1,20),(4709,3,0,0,5,2,20),(4710,3,1,0,-1,-1,20),(4711,3,2,0,15,0,20),(4712,4,0,0,-1,-1,20),(4713,5,0,0,12,0,20),(4714,5,1,0,-1,-1,20),(4715,6,0,0,13,0,20),(4716,6,1,0,-1,-1,20),(4717,9,0,0,5,0,20),(4718,10,0,0,5,1,20),(4719,0,0,0,-1,-1,19),(4720,0,1,0,-1,-1,19),(4721,0,2,0,-1,-1,19),(4722,0,3,0,-1,-1,19),(4723,0,4,0,-1,-1,19),(4724,0,5,0,-1,-1,19),(4725,0,6,0,-1,-1,19),(4726,0,7,0,-1,-1,19),(4727,0,8,0,-1,-1,19),(4728,0,9,0,-1,-1,19),(4729,0,10,0,-1,-1,19),(4730,0,11,0,-1,-1,19),(4731,0,12,0,-1,-1,19),(4732,0,13,0,-1,-1,19),(4733,0,14,0,-1,-1,19),(4734,0,15,0,-1,-1,19),(4735,0,16,0,-1,-1,19),(4736,0,17,0,-1,-1,19),(4737,0,18,0,-1,-1,19),(4738,0,19,0,-1,-1,19),(4739,0,20,0,-1,-1,19),(4740,0,21,0,-1,-1,19),(4741,0,22,0,-1,-1,19),(4742,0,23,0,-1,-1,19),(4743,0,24,0,-1,-1,19),(4744,0,25,0,-1,-1,19),(4745,0,26,0,-1,-1,19),(4746,0,27,0,-1,-1,19),(4747,0,28,0,-1,-1,19),(4748,0,29,0,-1,-1,19),(4749,0,30,0,-1,-1,19),(4750,0,31,0,-1,-1,19),(4751,0,32,0,-1,-1,19),(4752,0,33,0,-1,-1,19),(4753,0,34,0,-1,-1,19),(4754,0,35,0,-1,-1,19),(4755,0,36,0,-1,-1,19),(4756,0,37,0,-1,-1,19),(4757,1,0,0,-1,-1,19),(4758,1,1,0,-1,-1,19),(4759,1,2,0,-1,-1,19),(4760,1,3,0,-1,-1,19),(4761,1,4,0,-1,-1,19),(4762,1,5,0,-1,-1,19),(4763,1,6,0,-1,-1,19),(4764,1,7,0,-1,-1,19),(4765,1,8,0,-1,-1,19),(4766,1,9,0,-1,-1,19),(4767,1,10,0,-1,-1,19),(4768,1,11,0,-1,-1,19),(4769,1,12,0,-1,-1,19),(4770,1,13,0,-1,-1,19),(4771,1,14,0,-1,-1,19),(4772,1,15,1,-1,-1,19),(4773,1,16,1,-1,-1,19),(4774,1,17,1,-1,-1,19),(4775,1,18,1,-1,-1,19),(4776,1,19,1,-1,-1,19),(4777,1,20,0,-1,-1,19),(4778,1,21,0,-1,-1,19),(4779,1,22,0,-1,-1,19),(4780,1,23,0,-1,-1,19),(4781,1,24,0,-1,-1,19),(4782,1,25,0,-1,-1,19),(4783,1,26,0,-1,-1,19),(4784,1,27,0,-1,-1,19),(4785,1,28,0,-1,-1,19),(4786,1,29,0,-1,-1,19),(4787,1,30,0,-1,-1,19),(4788,1,31,0,-1,-1,19),(4789,1,32,0,-1,-1,19),(4790,2,0,0,-1,-1,19),(4791,2,1,0,-1,-1,19),(4792,2,2,0,-1,-1,19),(4793,2,3,0,-1,-1,19),(4794,2,4,0,-1,-1,19),(4795,2,5,0,-1,-1,19),(4796,2,6,0,-1,-1,19),(4797,2,7,0,-1,-1,19),(4798,2,8,0,-1,-1,19),(4799,2,9,0,-1,-1,19),(4800,2,10,0,-1,-1,19),(4801,2,11,0,-1,-1,19),(4802,2,12,0,-1,-1,19),(4803,2,13,0,-1,-1,19),(4804,2,14,0,-1,-1,19),(4805,2,15,1,-1,-1,19),(4806,2,16,1,-1,-1,19),(4807,2,17,1,-1,-1,19),(4808,2,18,1,-1,-1,19),(4809,2,19,1,-1,-1,19),(4810,2,20,0,-1,-1,19),(4811,2,21,0,-1,-1,19),(4812,2,22,0,-1,-1,19),(4813,2,23,0,-1,-1,19),(4814,2,24,0,-1,-1,19),(4815,2,25,0,-1,-1,19),(4816,2,26,0,-1,-1,19),(4817,2,27,0,-1,-1,19),(4818,2,28,0,-1,-1,19),(4819,2,29,0,-1,-1,19),(4820,2,30,0,-1,-1,19),(4821,2,31,0,-1,-1,19),(4822,2,32,0,-1,-1,19),(4823,3,0,0,-1,-1,19),(4824,3,1,0,-1,-1,19),(4825,3,2,0,-1,-1,19),(4826,3,3,0,-1,-1,19),(4827,3,4,0,-1,-1,19),(4828,3,5,0,-1,-1,19),(4829,3,6,0,-1,-1,19),(4830,3,7,0,-1,-1,19),(4831,3,8,0,-1,-1,19),(4832,3,9,0,-1,-1,19),(4833,3,10,0,-1,-1,19),(4834,3,11,0,-1,-1,19),(4835,3,12,0,-1,-1,19),(4836,3,13,0,-1,-1,19),(4837,3,14,0,-1,-1,19),(4838,3,15,1,-1,-1,19),(4839,3,16,1,-1,-1,19),(4840,3,17,1,-1,-1,19),(4841,3,18,1,-1,-1,19),(4842,3,19,1,-1,-1,19),(4843,3,20,0,-1,-1,19),(4844,3,21,0,-1,-1,19),(4845,3,22,0,-1,-1,19),(4846,3,23,0,-1,-1,19),(4847,3,24,0,-1,-1,19),(4848,3,25,0,-1,-1,19),(4849,3,26,0,-1,-1,19),(4850,3,27,0,-1,-1,19),(4851,3,28,0,-1,-1,19),(4852,3,29,0,-1,-1,19),(4853,3,30,0,-1,-1,19),(4854,3,31,0,-1,-1,19),(4855,3,32,0,-1,-1,19),(4856,4,0,0,-1,-1,19),(4857,4,1,0,-1,-1,19),(4858,4,2,0,-1,-1,19),(4859,4,3,0,-1,-1,19),(4860,4,4,0,-1,-1,19),(4861,4,5,0,-1,-1,19),(4862,4,6,0,-1,-1,19),(4863,4,7,0,-1,-1,19),(4864,4,8,0,-1,-1,19),(4865,4,9,0,-1,-1,19),(4866,4,10,0,-1,-1,19),(4867,4,11,0,-1,-1,19),(4868,4,12,0,-1,-1,19),(4869,4,13,0,-1,-1,19),(4870,4,14,0,-1,-1,19),(4871,4,15,1,-1,-1,19),(4872,4,16,1,-1,-1,19),(4873,4,17,1,-1,-1,19),(4874,4,18,1,-1,-1,19),(4875,4,19,1,-1,-1,19),(4876,4,20,0,-1,-1,19),(4877,4,21,0,-1,-1,19),(4878,4,22,0,-1,-1,19),(4879,4,23,0,-1,-1,19),(4880,4,24,0,-1,-1,19),(4881,4,25,0,-1,-1,19),(4882,4,26,0,-1,-1,19),(4883,4,27,0,-1,-1,19),(4884,4,28,0,-1,-1,19),(4885,4,29,0,-1,-1,19),(4886,4,30,0,-1,-1,19),(4887,4,31,0,-1,-1,19),(4888,4,32,0,-1,-1,19),(4889,5,0,0,-1,-1,19),(4890,5,1,0,-1,-1,19),(4891,5,2,0,-1,-1,19),(4892,5,3,0,-1,-1,19),(4893,5,4,0,-1,-1,19),(4894,5,5,0,-1,-1,19),(4895,5,6,0,-1,-1,19),(4896,5,7,0,-1,-1,19),(4897,5,8,0,-1,-1,19),(4898,5,9,0,-1,-1,19),(4899,5,10,0,-1,-1,19),(4900,5,11,0,-1,-1,19),(4901,5,12,0,-1,-1,19),(4902,5,13,0,-1,-1,19),(4903,5,14,0,-1,-1,19),(4904,5,15,1,-1,-1,19),(4905,5,16,1,-1,-1,19),(4906,5,17,1,-1,-1,19),(4907,5,18,1,-1,-1,19),(4908,5,19,1,-1,-1,19),(4909,5,20,0,-1,-1,19),(4910,5,21,0,-1,-1,19),(4911,5,22,0,-1,-1,19),(4912,5,23,0,-1,-1,19),(4913,5,24,0,-1,-1,19),(4914,5,25,0,-1,-1,19),(4915,5,26,0,-1,-1,19),(4916,5,27,0,-1,-1,19),(4917,5,28,0,-1,-1,19),(4918,5,29,0,-1,-1,19),(4919,5,30,0,-1,-1,19),(4920,5,31,0,-1,-1,19),(4921,5,32,0,-1,-1,19),(4922,6,0,0,-1,-1,19),(4923,6,1,0,-1,-1,19),(4924,6,2,0,-1,-1,19),(4925,6,3,0,-1,-1,19),(4926,6,4,0,-1,-1,19),(4927,6,5,0,-1,-1,19),(4928,6,6,0,-1,-1,19),(4929,6,7,0,-1,-1,19),(4930,6,8,0,-1,-1,19),(4931,6,9,0,-1,-1,19),(4932,6,10,0,-1,-1,19),(4933,6,11,0,-1,-1,19),(4934,6,12,0,-1,-1,19),(4935,6,13,0,-1,-1,19),(4936,6,14,0,-1,-1,19),(4937,6,15,1,-1,-1,19),(4938,6,16,1,-1,-1,19),(4939,6,17,1,-1,-1,19),(4940,6,18,1,-1,-1,19),(4941,6,19,1,-1,-1,19),(4942,6,20,0,-1,-1,19),(4943,6,21,0,-1,-1,19),(4944,6,22,0,-1,-1,19),(4945,6,23,0,-1,-1,19),(4946,6,24,0,-1,-1,19),(4947,6,25,0,-1,-1,19),(4948,6,26,0,-1,-1,19),(4949,6,27,0,-1,-1,19),(4950,6,28,0,-1,-1,19),(4951,6,29,0,-1,-1,19),(4952,6,30,0,-1,-1,19),(4953,6,31,0,-1,-1,19),(4954,6,32,0,-1,-1,19),(4955,7,0,0,-1,-1,19),(4956,7,1,0,-1,-1,19),(4957,7,2,0,-1,-1,19),(4958,7,3,0,-1,-1,19),(4959,7,4,0,-1,-1,19),(4960,7,5,0,-1,-1,19),(4961,7,6,0,-1,-1,19),(4962,7,7,0,-1,-1,19),(4963,7,8,0,-1,-1,19),(4964,7,9,0,-1,-1,19),(4965,7,10,0,-1,-1,19),(4966,7,11,0,-1,-1,19),(4967,7,12,0,-1,-1,19),(4968,7,13,0,-1,-1,19),(4969,7,14,0,-1,-1,19),(4970,7,15,1,-1,-1,19),(4971,7,16,1,-1,-1,19),(4972,7,17,1,-1,-1,19),(4973,7,18,1,-1,-1,19),(4974,7,19,1,-1,-1,19),(4975,7,20,0,-1,-1,19),(4976,7,21,0,-1,-1,19),(4977,7,22,0,-1,-1,19),(4978,7,23,0,-1,-1,19),(4979,7,24,0,-1,-1,19),(4980,7,25,0,-1,-1,19),(4981,7,26,0,-1,-1,19),(4982,7,27,0,-1,-1,19),(4983,7,28,0,-1,-1,19),(4984,7,29,0,-1,-1,19),(4985,7,30,0,-1,-1,19),(4986,7,31,0,-1,-1,19),(4987,7,32,0,-1,-1,19),(4988,8,0,0,-1,-1,19),(4989,8,1,0,-1,-1,19),(4990,8,2,0,-1,-1,19),(4991,8,3,0,-1,-1,19),(4992,8,4,0,-1,-1,19),(4993,8,5,0,-1,-1,19),(4994,8,6,0,-1,-1,19),(4995,8,7,0,-1,-1,19),(4996,8,8,0,-1,-1,19),(4997,8,9,0,-1,-1,19),(4998,8,10,0,-1,-1,19),(4999,8,11,0,-1,-1,19),(5000,8,12,0,-1,-1,19),(5001,8,13,0,-1,-1,19),(5002,8,14,0,-1,-1,19),(5003,8,15,1,-1,-1,19),(5004,8,16,1,-1,-1,19),(5005,8,17,1,-1,-1,19),(5006,8,18,1,-1,-1,19),(5007,8,19,1,-1,-1,19),(5008,8,20,0,-1,-1,19),(5009,8,21,0,-1,-1,19),(5010,8,22,0,-1,-1,19),(5011,8,23,0,-1,-1,19),(5012,8,24,0,-1,-1,19),(5013,8,25,0,-1,-1,19),(5014,8,26,0,-1,-1,19),(5015,8,27,0,-1,-1,19),(5016,8,28,0,-1,-1,19),(5017,8,29,0,-1,-1,19),(5018,8,30,0,-1,-1,19),(5019,8,31,0,-1,-1,19),(5020,8,32,0,-1,-1,19),(5021,9,0,0,-1,-1,19),(5022,9,1,0,-1,-1,19),(5023,9,2,0,-1,-1,19),(5024,9,3,0,-1,-1,19),(5025,9,4,0,-1,-1,19),(5026,9,5,0,-1,-1,19),(5027,9,6,0,-1,-1,19),(5028,9,7,0,-1,-1,19),(5029,9,8,0,-1,-1,19),(5030,9,9,0,-1,-1,19),(5031,9,10,0,-1,-1,19),(5032,9,11,0,-1,-1,19),(5033,9,12,0,-1,-1,19),(5034,9,13,0,-1,-1,19),(5035,9,14,0,-1,-1,19),(5036,9,15,1,-1,-1,19),(5037,9,16,1,-1,-1,19),(5038,9,17,1,-1,-1,19),(5039,9,18,1,-1,-1,19),(5040,9,19,1,-1,-1,19),(5041,9,20,0,-1,-1,19),(5042,9,21,0,-1,-1,19),(5043,9,22,0,-1,-1,19),(5044,9,23,0,-1,-1,19),(5045,9,24,0,-1,-1,19),(5046,9,25,0,-1,-1,19),(5047,9,26,0,-1,-1,19),(5048,9,27,0,-1,-1,19),(5049,9,28,0,-1,-1,19),(5050,9,29,0,-1,-1,19),(5051,9,30,0,-1,-1,19),(5052,9,31,0,-1,-1,19),(5053,10,0,0,-1,-1,19),(5054,10,1,0,-1,-1,19),(5055,10,2,0,-1,-1,19),(5056,10,3,0,-1,-1,19),(5057,10,4,0,-1,-1,19),(5058,10,5,0,-1,-1,19),(5059,10,6,0,-1,-1,19),(5060,10,7,0,-1,-1,19),(5061,10,8,0,-1,-1,19),(5062,10,9,0,-1,-1,19),(5063,10,10,0,-1,-1,19),(5064,10,11,0,-1,-1,19),(5065,10,12,0,-1,-1,19),(5066,10,13,0,-1,-1,19),(5067,10,14,0,-1,-1,19),(5068,10,15,1,-1,-1,19),(5069,10,16,1,-1,-1,19),(5070,10,17,1,-1,-1,19),(5071,10,18,1,-1,-1,19),(5072,10,19,1,-1,-1,19),(5073,10,20,0,-1,-1,19),(5074,10,21,0,-1,-1,19),(5075,10,22,0,-1,-1,19),(5076,10,23,0,-1,-1,19),(5077,10,24,0,-1,-1,19),(5078,10,25,0,-1,-1,19),(5079,10,26,0,-1,-1,19),(5080,10,27,0,-1,-1,19),(5081,10,28,0,-1,-1,19),(5082,10,29,0,-1,-1,19),(5083,10,30,0,-1,-1,19),(5084,10,31,0,-1,-1,19),(5085,10,32,0,13,1,19),(5086,11,0,0,-1,-1,19),(5087,11,1,0,-1,-1,19),(5088,11,2,0,-1,-1,19),(5089,11,3,0,-1,-1,19),(5090,11,4,0,-1,-1,19),(5091,11,5,0,-1,-1,19),(5092,11,6,0,-1,-1,19),(5093,11,7,0,-1,-1,19),(5094,11,8,0,-1,-1,19),(5095,11,9,0,-1,-1,19),(5096,11,10,0,-1,-1,19),(5097,11,11,0,-1,-1,19),(5098,11,12,0,-1,-1,19),(5099,11,13,0,-1,-1,19),(5100,11,14,0,-1,-1,19),(5101,11,15,1,-1,-1,19),(5102,11,16,1,-1,-1,19),(5103,11,17,1,-1,-1,19),(5104,11,18,1,-1,-1,19),(5105,11,19,1,-1,-1,19),(5106,11,20,0,-1,-1,19),(5107,11,21,0,-1,-1,19),(5108,11,22,0,-1,-1,19),(5109,11,23,0,-1,-1,19),(5110,11,24,0,-1,-1,19),(5111,11,25,0,-1,-1,19),(5112,11,26,0,-1,-1,19),(5113,11,27,0,-1,-1,19),(5114,11,28,0,-1,-1,19),(5115,11,29,0,-1,-1,19),(5116,11,30,0,-1,-1,19),(5117,11,31,0,-1,-1,19),(5118,11,32,0,14,1,19),(5119,12,0,0,-1,-1,19),(5120,12,1,0,-1,-1,19),(5121,12,2,0,-1,-1,19),(5122,12,3,0,-1,-1,19),(5123,12,4,0,-1,-1,19),(5124,12,5,0,-1,-1,19),(5125,12,6,0,-1,-1,19),(5126,12,7,0,-1,-1,19),(5127,12,8,0,-1,-1,19),(5128,12,9,0,-1,-1,19),(5129,12,10,0,-1,-1,19),(5130,12,11,0,-1,-1,19),(5131,12,12,0,-1,-1,19),(5132,12,13,0,-1,-1,19),(5133,12,14,0,-1,-1,19),(5134,12,15,1,-1,-1,19),(5135,12,16,1,-1,-1,19),(5136,12,17,1,-1,-1,19),(5137,12,18,1,-1,-1,19),(5138,12,19,1,-1,-1,19),(5139,12,20,0,-1,-1,19),(5140,12,21,0,-1,-1,19),(5141,12,22,0,-1,-1,19),(5142,12,23,0,-1,-1,19),(5143,12,24,0,-1,-1,19),(5144,12,25,0,-1,-1,19),(5145,12,26,0,-1,-1,19),(5146,12,27,0,-1,-1,19),(5147,12,28,0,-1,-1,19),(5148,12,29,0,-1,-1,19),(5149,12,30,0,-1,-1,19),(5150,12,31,0,-1,-1,19),(5151,13,0,0,-1,-1,19),(5152,13,1,0,-1,-1,19),(5153,13,2,0,-1,-1,19),(5154,13,3,0,-1,-1,19),(5155,13,4,0,-1,-1,19),(5156,13,5,0,-1,-1,19),(5157,13,6,0,-1,-1,19),(5158,13,7,0,-1,-1,19),(5159,13,8,0,-1,-1,19),(5160,13,9,0,-1,-1,19),(5161,13,10,0,-1,-1,19),(5162,13,11,0,-1,-1,19),(5163,13,12,0,-1,-1,19),(5164,13,13,0,-1,-1,19),(5165,13,14,0,-1,-1,19),(5166,13,15,1,-1,-1,19),(5167,13,16,1,-1,-1,19),(5168,13,17,1,-1,-1,19),(5169,13,18,1,-1,-1,19),(5170,13,19,1,-1,-1,19),(5171,13,20,0,-1,-1,19),(5172,13,21,0,-1,-1,19),(5173,13,22,0,-1,-1,19),(5174,13,23,0,-1,-1,19),(5175,13,24,0,-1,-1,19),(5176,13,25,0,-1,-1,19),(5177,13,26,0,-1,-1,19),(5178,13,27,0,-1,-1,19),(5179,13,28,0,-1,-1,19),(5180,13,29,0,-1,-1,19),(5181,13,30,0,-1,-1,19),(5182,13,31,0,-1,-1,19),(5183,14,0,0,-1,-1,19),(5184,14,1,0,-1,-1,19),(5185,14,2,0,-1,-1,19),(5186,14,3,0,-1,-1,19),(5187,14,4,0,-1,-1,19),(5188,14,5,0,-1,-1,19),(5189,14,6,0,-1,-1,19),(5190,14,7,0,-1,-1,19),(5191,14,8,0,-1,-1,19),(5192,14,9,0,-1,-1,19),(5193,14,10,0,-1,-1,19),(5194,14,11,0,-1,-1,19),(5195,14,12,0,-1,-1,19),(5196,14,13,0,-1,-1,19),(5197,14,14,0,-1,-1,19),(5198,14,15,1,-1,-1,19),(5199,14,16,1,-1,-1,19),(5200,14,17,1,-1,-1,19),(5201,14,18,1,-1,-1,19),(5202,14,19,1,-1,-1,19),(5203,14,20,0,-1,-1,19),(5204,14,21,0,-1,-1,19),(5205,14,22,0,-1,-1,19),(5206,14,23,0,-1,-1,19),(5207,14,24,0,-1,-1,19),(5208,14,25,0,-1,-1,19),(5209,14,26,0,-1,-1,19),(5210,14,27,0,-1,-1,19),(5211,14,28,0,-1,-1,19),(5212,14,29,0,-1,-1,19),(5213,14,30,0,-1,-1,19),(5214,14,31,0,-1,-1,19),(5215,15,0,0,-1,-1,19),(5216,15,1,0,-1,-1,19),(5217,15,2,0,-1,-1,19),(5218,15,3,0,-1,-1,19),(5219,15,4,0,-1,-1,19),(5220,15,5,0,-1,-1,19),(5221,15,6,0,-1,-1,19),(5222,15,7,0,-1,-1,19),(5223,15,8,0,-1,-1,19),(5224,15,9,0,-1,-1,19),(5225,15,10,0,-1,-1,19),(5226,15,11,0,-1,-1,19),(5227,15,12,0,-1,-1,19),(5228,15,13,0,-1,-1,19),(5229,15,14,0,-1,-1,19),(5230,15,15,1,-1,-1,19),(5231,15,16,1,-1,-1,19),(5232,15,17,1,-1,-1,19),(5233,15,18,1,-1,-1,19),(5234,15,19,1,-1,-1,19),(5235,15,20,0,-1,-1,19),(5236,15,21,0,-1,-1,19),(5237,15,22,0,-1,-1,19),(5238,15,23,0,-1,-1,19),(5239,15,24,0,-1,-1,19),(5240,15,25,0,-1,-1,19),(5241,15,26,0,-1,-1,19),(5242,15,27,0,-1,-1,19),(5243,15,28,0,-1,-1,19),(5244,15,29,0,-1,-1,19),(5245,15,30,0,-1,-1,19),(5246,15,31,0,-1,-1,19),(5247,16,0,0,-1,-1,19),(5248,16,1,0,-1,-1,19),(5249,16,2,0,-1,-1,19),(5250,16,3,0,-1,-1,19),(5251,16,4,0,-1,-1,19),(5252,16,5,0,-1,-1,19),(5253,16,6,0,-1,-1,19),(5254,16,7,0,-1,-1,19),(5255,16,8,0,-1,-1,19),(5256,16,9,0,-1,-1,19),(5257,16,10,0,-1,-1,19),(5258,16,11,0,-1,-1,19),(5259,16,12,0,-1,-1,19),(5260,16,13,0,-1,-1,19),(5261,16,14,0,-1,-1,19),(5262,16,15,1,-1,-1,19),(5263,16,16,1,-1,-1,19),(5264,16,17,1,-1,-1,19),(5265,16,18,1,-1,-1,19),(5266,16,19,1,-1,-1,19),(5267,16,20,0,-1,-1,19),(5268,16,21,0,-1,-1,19),(5269,16,22,0,-1,-1,19),(5270,16,23,0,-1,-1,19),(5271,16,24,0,-1,-1,19),(5272,16,25,0,-1,-1,19),(5273,16,26,0,-1,-1,19),(5274,16,27,0,-1,-1,19),(5275,16,28,0,-1,-1,19),(5276,16,29,0,-1,-1,19),(5277,16,30,0,-1,-1,19),(5278,16,31,0,-1,-1,19),(5279,0,0,0,6,0,21),(5280,0,1,0,6,1,21),(5281,0,2,0,7,0,21),(5282,1,0,0,-1,-1,21),(5283,1,1,0,7,1,21),(5284,2,0,0,8,0,21),(5285,2,1,0,-1,-1,21),(5286,3,0,0,5,2,21),(5287,3,1,0,-1,-1,21),(5288,3,2,0,15,0,21),(5289,4,0,0,-1,-1,21),(5290,5,0,0,12,0,21),(5291,5,1,0,-1,-1,21),(5292,6,0,0,13,0,21),(5293,6,1,0,-1,-1,21),(5294,9,0,0,5,0,21),(5295,10,0,0,5,1,21),(5296,0,0,0,5,0,22),(5297,0,1,0,5,1,22),(5298,0,2,0,6,2,22),(5299,1,0,0,6,3,22),(5300,2,0,0,8,0,22),(5301,3,0,0,8,2,22),(5302,3,1,0,-1,-1,22),(5303,4,0,0,12,0,22),(5304,4,1,0,13,0,22),(5305,5,0,0,12,1,22),(5306,5,1,0,13,1,22),(5307,0,0,0,5,0,22),(5308,0,1,0,5,1,22),(5309,0,2,0,6,2,22),(5310,1,0,0,6,3,22),(5311,2,0,0,8,0,22),(5312,3,0,0,8,2,22),(5313,3,1,0,-1,-1,22),(5314,4,0,0,12,0,22),(5315,4,1,0,13,0,22),(5316,5,0,0,12,1,22),(5317,5,1,0,13,1,22),(5318,0,0,0,5,0,23),(5319,0,1,0,5,1,23),(5320,0,2,0,6,2,23),(5321,1,0,0,6,3,23),(5322,2,0,0,8,0,23),(5323,3,0,0,8,2,23),(5324,3,1,0,-1,-1,23),(5325,4,0,0,12,0,23),(5326,4,1,0,13,0,23),(5327,5,0,0,12,1,23),(5328,5,1,0,13,1,23),(5329,0,0,0,5,0,24),(5330,0,1,0,5,1,24),(5331,0,2,0,6,2,24),(5332,1,0,0,6,3,24),(5333,2,0,0,8,0,24),(5334,3,0,0,8,2,24),(5335,3,1,0,-1,-1,24),(5336,4,0,0,12,0,24),(5337,4,1,0,13,0,24),(5338,5,0,0,12,1,24),(5339,5,1,0,13,1,24),(5340,0,0,0,5,0,25),(5341,0,1,0,5,1,25),(5342,0,2,0,6,2,25),(5343,1,0,0,6,3,25),(5344,2,0,0,8,0,25),(5345,3,0,0,8,2,25),(5346,3,1,0,-1,-1,25),(5347,4,0,0,12,0,25),(5348,4,1,0,13,0,25),(5349,5,0,0,12,1,25),(5350,5,1,0,13,1,25),(5351,0,0,0,5,0,26),(5352,0,1,0,5,1,26),(5353,0,2,0,6,2,26),(5354,1,0,0,6,3,26),(5355,2,0,0,8,0,26),(5356,3,0,0,8,2,26),(5357,3,1,0,-1,-1,26),(5358,4,0,0,12,0,26),(5359,4,1,0,13,0,26),(5360,5,0,0,12,1,26),(5361,5,1,0,13,1,26),(5362,0,0,0,5,0,27),(5363,0,1,0,5,1,27),(5364,0,2,0,6,2,27),(5365,1,0,0,6,3,27),(5366,2,0,0,8,0,27),(5367,3,0,0,8,2,27),(5368,3,1,0,-1,-1,27),(5369,4,0,0,12,0,27),(5370,4,1,0,13,0,27),(5371,5,0,0,12,1,27),(5372,5,1,0,13,1,27),(5373,0,0,1,-1,-1,28),(5374,0,1,1,-1,-1,28),(5375,0,2,1,-1,-1,28),(5376,1,0,0,6,3,28),(5377,2,0,1,-1,-1,28),(5378,3,0,1,-1,-1,28),(5379,3,1,1,-1,-1,28),(5380,4,0,1,-1,-1,28),(5381,4,1,1,-1,-1,28),(5382,5,0,0,12,1,28),(5383,5,1,0,13,1,28),(5384,0,0,1,-1,-1,30),(5385,0,1,1,-1,-1,30),(5386,0,2,1,-1,-1,30),(5387,0,3,1,-1,-1,30),(5388,0,4,1,-1,-1,30),(5389,0,5,1,-1,-1,30),(5390,2,0,1,-1,-1,30),(5391,2,1,1,-1,-1,30),(5392,2,2,0,63,9,30),(5393,6,0,1,-1,-1,30),(5394,6,1,1,-1,-1,30),(5395,6,2,1,-1,-1,30),(5396,15,0,1,-1,-1,30),(5397,15,1,1,-1,-1,30),(5398,15,2,1,-1,-1,30),(5399,15,3,1,-1,-1,30),(5400,30,0,1,-1,-1,30),(5401,30,1,1,-1,-1,30),(5402,30,2,1,-1,-1,30),(5403,30,3,1,-1,-1,30),(5404,30,4,1,-1,-1,30),(5405,30,5,1,-1,-1,30),(5406,47,0,1,-1,-1,30),(5407,47,1,0,205,3,30),(5408,47,2,1,-1,-1,30),(5409,47,3,1,-1,-1,30),(5410,47,4,1,-1,-1,30),(5411,47,5,0,232,3,30),(5412,0,0,1,-1,-1,31),(5413,0,1,1,-1,-1,31),(5414,0,2,1,-1,-1,31),(5415,1,0,0,6,3,31),(5416,3,0,1,-1,-1,31),(5417,3,1,1,-1,-1,31),(5418,3,2,1,-1,-1,31),(5419,4,0,1,-1,-1,31),(5420,4,1,1,-1,-1,31),(5421,4,2,1,-1,-1,31),(5422,7,0,1,-1,-1,31),(5423,7,1,1,-1,-1,31),(5424,7,2,1,-1,-1,31),(5425,7,3,1,-1,-1,31),(5426,8,0,0,12,2,31),(5427,8,1,1,-1,-1,31),(5428,8,2,0,13,2,31),(5429,0,0,1,-1,-1,31),(5430,0,1,1,-1,-1,31),(5431,0,2,1,-1,-1,31),(5432,1,0,0,6,3,31),(5433,3,0,1,-1,-1,31),(5434,3,1,1,-1,-1,31),(5435,3,2,1,-1,-1,31),(5436,4,0,1,-1,-1,31),(5437,4,1,1,-1,-1,31),(5438,4,2,1,-1,-1,31),(5439,7,0,1,-1,-1,31),(5440,7,1,1,-1,-1,31),(5441,7,2,1,-1,-1,31),(5442,7,3,1,-1,-1,31),(5443,8,0,0,12,2,31),(5444,8,1,1,-1,-1,31),(5445,8,2,0,13,2,31),(5446,0,0,1,-1,-1,32),(5447,0,1,1,-1,-1,32),(5448,0,2,1,-1,-1,32),(5449,1,0,1,-1,-1,32),(5450,1,1,1,-1,-1,32),(5451,1,2,0,6,3,32),(5452,3,0,1,-1,-1,32),(5453,3,1,1,-1,-1,32),(5454,3,2,1,-1,-1,32),(5455,4,0,1,-1,-1,32),(5456,4,1,1,-1,-1,32),(5457,4,2,1,-1,-1,32),(5458,7,0,1,-1,-1,32),(5459,7,1,1,-1,-1,32),(5460,7,2,1,-1,-1,32),(5461,7,3,1,-1,-1,32),(5462,8,0,1,-1,-1,32),(5463,8,1,0,12,2,32),(5464,8,2,1,-1,-1,32),(5465,8,3,0,13,2,32),(5466,0,0,1,-1,-1,33),(5467,0,1,1,-1,-1,33),(5468,0,2,1,-1,-1,33),(5469,1,0,1,-1,-1,33),(5470,1,1,1,-1,-1,33),(5471,1,2,0,6,3,33),(5472,3,0,1,-1,-1,33),(5473,3,1,1,-1,-1,33),(5474,3,2,1,-1,-1,33),(5475,4,0,1,-1,-1,33),(5476,4,1,1,-1,-1,33),(5477,4,2,1,-1,-1,33),(5478,7,0,1,-1,-1,33),(5479,7,1,1,-1,-1,33),(5480,7,2,1,-1,-1,33),(5481,7,3,1,-1,-1,33),(5482,8,0,1,-1,-1,33),(5483,8,1,0,12,2,33),(5484,8,2,1,-1,-1,33),(5485,8,3,0,13,2,33),(5486,0,0,1,-1,-1,34),(5487,0,1,1,-1,-1,34),(5488,0,2,1,-1,-1,34),(5489,1,0,0,6,3,34),(5490,2,0,1,-1,-1,34),(5491,3,0,1,-1,-1,34),(5492,3,1,1,-1,-1,34),(5493,4,0,1,-1,-1,34),(5494,4,1,1,-1,-1,34),(5495,5,0,0,12,1,34),(5496,5,1,0,13,1,34),(5497,0,0,1,-1,-1,35),(5498,0,1,1,-1,-1,35),(5499,0,2,1,-1,-1,35),(5500,1,0,0,6,3,35),(5501,2,0,1,-1,-1,35),(5502,3,0,1,-1,-1,35),(5503,3,1,1,-1,-1,35),(5504,4,0,1,-1,-1,35),(5505,4,1,1,-1,-1,35),(5506,5,0,0,12,1,35),(5507,5,1,0,13,1,35),(5508,0,0,0,5,0,36),(5509,0,1,0,5,1,36),(5510,0,2,0,6,2,36),(5511,1,0,0,0,0,36),(5512,1,1,0,0,0,36),(5513,1,2,0,6,3,36),(5514,3,0,0,0,0,36),(5515,3,1,0,0,0,36),(5516,3,2,0,8,0,36),(5517,4,0,0,8,2,36),(5518,4,1,0,0,0,36),(5519,4,2,0,-1,-1,36),(5520,7,0,0,0,0,36),(5521,7,1,0,12,0,36),(5522,7,2,0,0,0,36),(5523,7,3,0,13,0,36),(5524,8,0,0,0,0,36),(5525,8,1,0,12,2,36),(5526,8,2,0,0,0,36),(5527,8,3,0,13,2,36),(5528,0,0,0,5,0,37),(5529,0,1,0,5,1,37),(5530,0,2,0,6,2,37),(5531,1,0,0,0,0,37),(5532,1,1,0,0,0,37),(5533,1,2,0,6,3,37),(5534,3,0,0,0,0,37),(5535,3,1,0,0,0,37),(5536,3,2,0,8,0,37),(5537,3,3,0,0,0,37),(5538,3,4,0,12,0,37),(5539,3,5,0,0,0,37),(5540,3,6,0,8,0,37),(5541,4,0,0,8,2,37),(5542,4,1,0,0,0,37),(5543,4,2,0,-1,-1,37),(5544,4,3,0,0,0,37),(5545,4,4,0,12,2,37),(5546,4,5,0,0,0,37),(5547,4,6,0,-1,-1,37),(5548,7,0,0,0,0,37),(5549,7,1,0,12,0,37),(5550,7,2,0,0,0,37),(5551,7,3,0,13,0,37),(5552,8,0,0,0,0,37),(5553,8,1,0,12,2,37),(5554,8,2,0,0,0,37),(5555,8,3,0,13,2,37),(5556,0,0,0,5,0,38),(5557,0,1,0,5,1,38),(5558,0,2,0,6,2,38),(5559,1,0,0,0,0,38),(5560,1,1,0,0,0,38),(5561,1,2,0,6,3,38),(5562,3,0,0,0,0,38),(5563,3,1,0,0,0,38),(5564,3,2,0,8,0,38),(5565,3,3,0,0,0,38),(5566,3,4,0,12,0,38),(5567,3,5,0,0,0,38),(5568,3,6,0,8,0,38),(5569,4,0,0,8,2,38),(5570,4,1,0,0,0,38),(5571,4,2,0,8,1,38),(5572,4,3,0,0,0,38),(5573,4,4,0,12,2,38),(5574,4,5,0,0,0,38),(5575,4,6,0,-1,-1,38),(5576,7,0,0,0,0,38),(5577,7,1,0,12,0,38),(5578,7,2,0,0,0,38),(5579,7,3,0,13,0,38),(5580,8,0,0,0,0,38),(5581,8,1,0,12,2,38),(5582,8,2,0,0,0,38),(5583,8,3,0,13,2,38),(5584,0,0,0,5,0,39),(5585,0,1,0,5,1,39),(5586,0,2,0,6,2,39),(5587,1,0,0,0,0,39),(5588,1,1,0,0,0,39),(5589,1,2,0,6,3,39),(5590,3,0,0,0,0,39),(5591,3,1,0,0,0,39),(5592,3,2,0,8,0,39),(5593,3,3,0,0,0,39),(5594,3,4,0,12,0,39),(5595,3,5,0,0,0,39),(5596,3,6,0,8,0,39),(5597,4,0,0,8,2,39),(5598,4,1,0,0,0,39),(5599,4,2,0,8,1,39),(5600,4,3,0,0,0,39),(5601,4,4,0,12,2,39),(5602,4,5,0,0,0,39),(5603,4,6,0,-1,-1,39),(5604,7,0,0,0,0,39),(5605,7,1,0,12,0,39),(5606,7,2,0,0,0,39),(5607,7,3,0,13,0,39),(5608,8,0,0,0,0,39),(5609,8,1,0,12,2,39),(5610,8,2,0,0,0,39),(5611,8,3,0,13,2,39),(5612,0,0,0,5,0,39),(5613,0,1,0,5,1,39),(5614,0,2,0,6,2,39),(5615,1,0,0,0,0,39),(5616,1,1,0,0,0,39),(5617,1,2,0,6,3,39),(5618,3,0,0,0,0,39),(5619,3,1,0,0,0,39),(5620,3,2,0,8,0,39),(5621,3,3,0,0,0,39),(5622,3,4,0,12,0,39),(5623,3,5,0,0,0,39),(5624,3,6,0,8,0,39),(5625,4,0,0,8,2,39),(5626,4,1,0,0,0,39),(5627,4,2,0,8,1,39),(5628,4,3,0,0,0,39),(5629,4,4,0,12,2,39),(5630,4,5,0,0,0,39),(5631,4,6,0,-1,-1,39),(5632,7,0,0,0,0,39),(5633,7,1,0,12,0,39),(5634,7,2,0,0,0,39),(5635,7,3,0,13,0,39),(5636,8,0,0,0,0,39),(5637,8,1,0,12,2,39),(5638,8,2,0,0,0,39),(5639,8,3,0,13,2,39),(5640,0,0,0,-1,-1,40),(5641,0,1,0,-1,-1,40),(5642,0,2,0,-1,-1,40),(5643,0,3,0,-1,-1,40),(5644,0,4,0,-1,-1,40),(5645,0,5,0,-1,-1,40),(5646,0,6,0,-1,-1,40),(5647,0,7,0,-1,-1,40),(5648,0,8,0,-1,-1,40),(5649,0,9,0,-1,-1,40),(5650,0,10,0,-1,-1,40),(5651,0,11,0,-1,-1,40),(5652,0,12,0,-1,-1,40),(5653,0,13,0,-1,-1,40),(5654,1,0,0,-1,-1,40),(5655,1,1,0,-1,-1,40),(5656,1,2,0,-1,-1,40),(5657,1,3,0,-1,-1,40),(5658,1,4,0,-1,-1,40),(5659,1,5,0,-1,-1,40),(5660,1,6,0,-1,-1,40),(5661,1,7,0,-1,-1,40),(5662,1,8,0,-1,-1,40),(5663,1,9,0,-1,-1,40),(5664,1,10,0,-1,-1,40),(5665,1,11,0,-1,-1,40),(5666,1,12,0,-1,-1,40),(5667,1,13,0,-1,-1,40),(5668,2,0,0,-1,-1,40),(5669,2,1,0,0,0,40),(5670,2,2,0,0,0,40),(5671,2,3,0,0,0,40),(5672,2,4,0,-1,-1,40),(5673,2,5,0,-1,-1,40),(5674,2,6,0,-1,-1,40),(5675,2,7,0,-1,-1,40),(5676,2,8,0,-1,-1,40),(5677,3,0,0,-1,-1,40),(5678,4,0,0,-1,-1,40),(5679,4,1,0,-1,-1,40),(5680,0,0,0,-1,-1,40),(5681,0,1,0,-1,-1,40),(5682,0,2,0,-1,-1,40),(5683,0,3,0,-1,-1,40),(5684,0,4,0,-1,-1,40),(5685,0,5,0,-1,-1,40),(5686,0,6,0,-1,-1,40),(5687,0,7,0,-1,-1,40),(5688,0,8,0,-1,-1,40),(5689,0,9,0,-1,-1,40),(5690,0,10,0,-1,-1,40),(5691,0,11,0,-1,-1,40),(5692,0,12,0,-1,-1,40),(5693,0,13,0,-1,-1,40),(5694,1,0,0,-1,-1,40),(5695,1,1,0,-1,-1,40),(5696,1,2,0,-1,-1,40),(5697,1,3,0,-1,-1,40),(5698,1,4,0,-1,-1,40),(5699,1,5,0,-1,-1,40),(5700,1,6,0,-1,-1,40),(5701,1,7,0,-1,-1,40),(5702,1,8,0,-1,-1,40),(5703,1,9,0,-1,-1,40),(5704,1,10,0,-1,-1,40),(5705,1,11,0,-1,-1,40),(5706,1,12,0,-1,-1,40),(5707,1,13,0,-1,-1,40),(5708,2,0,0,-1,-1,40),(5709,2,1,0,0,0,40),(5710,2,2,0,0,0,40),(5711,2,3,0,0,0,40),(5712,2,4,0,-1,-1,40),(5713,2,5,0,-1,-1,40),(5714,2,6,0,-1,-1,40),(5715,2,7,0,-1,-1,40),(5716,2,8,0,-1,-1,40),(5717,3,0,0,-1,-1,40),(5718,4,0,0,-1,-1,40),(5719,4,1,0,-1,-1,40),(5720,5,0,0,16,0,40),(5721,0,0,0,-1,-1,41),(5722,0,1,0,-1,-1,41),(5723,0,2,0,-1,-1,41),(5724,0,3,0,-1,-1,41),(5725,0,4,0,-1,-1,41),(5726,0,5,0,-1,-1,41),(5727,0,6,0,-1,-1,41),(5728,0,7,0,-1,-1,41),(5729,0,8,0,-1,-1,41),(5730,0,9,0,-1,-1,41),(5731,0,10,0,-1,-1,41),(5732,0,11,0,-1,-1,41),(5733,0,12,0,-1,-1,41),(5734,0,13,0,-1,-1,41),(5735,1,0,0,-1,-1,41),(5736,1,1,0,-1,-1,41),(5737,1,2,0,-1,-1,41),(5738,1,3,0,-1,-1,41),(5739,1,4,0,-1,-1,41),(5740,1,5,0,-1,-1,41),(5741,1,6,0,-1,-1,41),(5742,1,7,0,-1,-1,41),(5743,1,8,0,-1,-1,41),(5744,1,9,0,-1,-1,41),(5745,1,10,0,-1,-1,41),(5746,1,11,0,-1,-1,41),(5747,1,12,0,-1,-1,41),(5748,1,13,0,-1,-1,41),(5749,2,0,0,-1,-1,41),(5750,2,1,0,0,0,41),(5751,2,2,0,0,0,41),(5752,2,3,0,0,0,41),(5753,2,4,0,-1,-1,41),(5754,2,5,0,-1,-1,41),(5755,2,6,0,-1,-1,41),(5756,2,7,0,-1,-1,41),(5757,2,8,0,-1,-1,41),(5758,3,0,0,-1,-1,41),(5759,4,0,0,-1,-1,41),(5760,4,1,0,-1,-1,41),(5761,5,0,0,16,0,41),(5762,0,0,0,-1,-1,41),(5763,0,1,0,-1,-1,41),(5764,0,2,0,-1,-1,41),(5765,0,3,0,-1,-1,41),(5766,0,4,0,-1,-1,41),(5767,0,5,0,-1,-1,41),(5768,0,6,0,-1,-1,41),(5769,0,7,0,-1,-1,41),(5770,0,8,0,-1,-1,41),(5771,0,9,0,-1,-1,41),(5772,0,10,0,-1,-1,41),(5773,0,11,0,-1,-1,41),(5774,0,12,0,-1,-1,41),(5775,0,13,0,-1,-1,41),(5776,1,0,0,-1,-1,41),(5777,1,1,0,-1,-1,41),(5778,1,2,0,-1,-1,41),(5779,1,3,0,-1,-1,41),(5780,1,4,0,-1,-1,41),(5781,1,5,0,-1,-1,41),(5782,1,6,0,-1,-1,41),(5783,1,7,0,-1,-1,41),(5784,1,8,0,-1,-1,41),(5785,1,9,0,-1,-1,41),(5786,1,10,0,-1,-1,41),(5787,1,11,0,-1,-1,41),(5788,1,12,0,-1,-1,41),(5789,1,13,0,-1,-1,41),(5790,2,0,0,-1,-1,41),(5791,2,1,0,0,0,41),(5792,2,2,0,0,0,41),(5793,2,3,0,0,0,41),(5794,2,4,0,-1,-1,41),(5795,2,5,0,-1,-1,41),(5796,2,6,0,-1,-1,41),(5797,2,7,0,-1,-1,41),(5798,2,8,0,-1,-1,41),(5799,3,0,0,-1,-1,41),(5800,4,0,0,-1,-1,41),(5801,4,1,0,-1,-1,41),(5802,5,0,0,16,0,41),(5803,6,0,0,14,3,41),(5804,7,0,0,-1,-1,41),(5805,0,0,0,-1,-1,41),(5806,0,1,0,-1,-1,41),(5807,0,2,0,-1,-1,41),(5808,0,3,0,-1,-1,41),(5809,0,4,0,-1,-1,41),(5810,0,5,0,-1,-1,41),(5811,0,6,0,-1,-1,41),(5812,0,7,0,-1,-1,41),(5813,0,8,0,-1,-1,41),(5814,0,9,0,-1,-1,41),(5815,0,10,0,-1,-1,41),(5816,0,11,0,-1,-1,41),(5817,0,12,0,-1,-1,41),(5818,0,13,0,-1,-1,41),(5819,1,0,0,-1,-1,41),(5820,1,1,0,-1,-1,41),(5821,1,2,0,-1,-1,41),(5822,1,3,0,-1,-1,41),(5823,1,4,0,-1,-1,41),(5824,1,5,0,-1,-1,41),(5825,1,6,0,-1,-1,41),(5826,1,7,0,-1,-1,41),(5827,1,8,0,-1,-1,41),(5828,1,9,0,-1,-1,41),(5829,1,10,0,-1,-1,41),(5830,1,11,0,-1,-1,41),(5831,1,12,0,-1,-1,41),(5832,1,13,0,-1,-1,41),(5833,2,0,0,-1,-1,41),(5834,2,1,0,0,0,41),(5835,2,2,0,0,0,41),(5836,2,3,0,0,0,41),(5837,2,4,0,-1,-1,41),(5838,2,5,0,-1,-1,41),(5839,2,6,0,-1,-1,41),(5840,2,7,0,-1,-1,41),(5841,2,8,0,-1,-1,41),(5842,3,0,0,-1,-1,41),(5843,4,0,0,-1,-1,41),(5844,4,1,0,-1,-1,41),(5845,5,0,0,16,0,41),(5846,6,0,0,14,3,41),(5847,7,0,0,-1,-1,41),(5848,0,0,0,-1,-1,41),(5849,0,1,0,-1,-1,41),(5850,0,2,0,-1,-1,41),(5851,0,3,0,-1,-1,41),(5852,0,4,0,-1,-1,41),(5853,0,5,0,-1,-1,41),(5854,0,6,0,-1,-1,41),(5855,0,7,0,-1,-1,41),(5856,0,8,0,-1,-1,41),(5857,0,9,0,-1,-1,41),(5858,0,10,0,-1,-1,41),(5859,0,11,0,-1,-1,41),(5860,0,12,0,-1,-1,41),(5861,0,13,0,-1,-1,41),(5862,1,0,0,-1,-1,41),(5863,1,1,0,-1,-1,41),(5864,1,2,0,-1,-1,41),(5865,1,3,0,-1,-1,41),(5866,1,4,0,-1,-1,41),(5867,1,5,0,-1,-1,41),(5868,1,6,0,-1,-1,41),(5869,1,7,0,-1,-1,41),(5870,1,8,0,-1,-1,41),(5871,1,9,0,-1,-1,41),(5872,1,10,0,-1,-1,41),(5873,1,11,0,-1,-1,41),(5874,1,12,0,-1,-1,41),(5875,1,13,0,-1,-1,41),(5876,2,0,0,-1,-1,41),(5877,2,1,0,0,0,41),(5878,2,2,0,0,0,41),(5879,2,3,0,0,0,41),(5880,2,4,0,-1,-1,41),(5881,2,5,0,-1,-1,41),(5882,2,6,0,-1,-1,41),(5883,2,7,0,-1,-1,41),(5884,2,8,0,-1,-1,41),(5885,3,0,0,-1,-1,41),(5886,4,0,0,-1,-1,41),(5887,4,1,0,-1,-1,41),(5888,5,0,0,16,0,41),(5889,6,0,0,14,3,41),(5890,7,0,0,-1,-1,41),(5891,0,0,0,-1,-1,41),(5892,0,1,0,-1,-1,41),(5893,0,2,0,-1,-1,41),(5894,0,3,0,-1,-1,41),(5895,0,4,0,-1,-1,41),(5896,0,5,0,-1,-1,41),(5897,0,6,0,-1,-1,41),(5898,0,7,0,-1,-1,41),(5899,0,8,0,-1,-1,41),(5900,0,9,0,-1,-1,41),(5901,0,10,0,-1,-1,41),(5902,0,11,0,-1,-1,41),(5903,0,12,0,-1,-1,41),(5904,0,13,0,-1,-1,41),(5905,1,0,0,-1,-1,41),(5906,1,1,0,-1,-1,41),(5907,1,2,0,-1,-1,41),(5908,1,3,0,-1,-1,41),(5909,1,4,0,-1,-1,41),(5910,1,5,0,-1,-1,41),(5911,1,6,0,-1,-1,41),(5912,1,7,0,-1,-1,41),(5913,1,8,0,-1,-1,41),(5914,1,9,0,-1,-1,41),(5915,1,10,0,-1,-1,41),(5916,1,11,0,-1,-1,41),(5917,1,12,0,-1,-1,41),(5918,1,13,0,-1,-1,41),(5919,2,0,0,-1,-1,41),(5920,2,1,0,0,0,41),(5921,2,2,0,0,0,41),(5922,2,3,0,0,0,41),(5923,2,4,0,-1,-1,41),(5924,2,5,0,-1,-1,41),(5925,2,6,0,-1,-1,41),(5926,2,7,0,-1,-1,41),(5927,2,8,0,-1,-1,41),(5928,3,0,0,-1,-1,41),(5929,4,0,0,-1,-1,41),(5930,4,1,0,-1,-1,41),(5931,5,0,0,16,0,41),(5932,6,0,0,14,3,41),(5933,7,0,0,-1,-1,41),(5934,8,0,0,0,3,41),(5935,9,0,0,0,4,41),(5936,0,0,0,-1,-1,42),(5937,0,1,0,-1,-1,42),(5938,0,2,0,-1,-1,42),(5939,0,3,0,-1,-1,42),(5940,0,4,0,35,0,42),(5941,0,5,0,35,4,42),(5942,0,6,0,35,7,42),(5943,0,7,0,35,10,42),(5944,0,8,0,-1,-1,42),(5945,0,9,0,-1,-1,42),(5946,0,10,0,-1,-1,42),(5947,0,11,0,-1,-1,42),(5948,0,12,0,-1,-1,42),(5949,0,13,0,-1,-1,42),(5950,1,0,0,-1,-1,42),(5951,1,1,0,-1,-1,42),(5952,1,2,0,-1,-1,42),(5953,1,3,0,-1,-1,42),(5954,1,4,0,36,0,42),(5955,1,5,0,-1,-1,42),(5956,1,6,0,-1,-1,42),(5957,1,7,0,-1,-1,42),(5958,1,8,0,-1,-1,42),(5959,1,9,0,-1,-1,42),(5960,1,10,0,-1,-1,42),(5961,1,11,0,-1,-1,42),(5962,1,12,0,-1,-1,42),(5963,1,13,0,-1,-1,42),(5964,2,0,0,-1,-1,42),(5965,2,1,0,0,0,42),(5966,2,2,0,0,0,42),(5967,2,3,0,0,0,42),(5968,2,4,0,-1,-1,42),(5969,2,5,0,-1,-1,42),(5970,2,6,0,-1,-1,42),(5971,2,7,0,-1,-1,42),(5972,2,8,0,-1,-1,42),(5973,3,0,0,-1,-1,42),(5974,4,0,0,-1,-1,42),(5975,4,1,0,-1,-1,42),(5976,5,0,0,16,0,42),(5977,6,0,0,14,3,42),(5978,7,0,0,-1,-1,42),(5979,8,0,0,0,3,42),(5980,9,0,0,0,4,42),(5981,0,0,0,-1,-1,43),(5982,0,1,0,-1,-1,43),(5983,0,2,0,-1,-1,43),(5984,0,3,0,-1,-1,43),(5985,0,4,0,35,0,43),(5986,0,5,0,35,4,43),(5987,0,6,0,35,7,43),(5988,0,7,0,35,10,43),(5989,0,8,0,-1,-1,43),(5990,0,9,0,-1,-1,43),(5991,0,10,0,-1,-1,43),(5992,0,11,0,-1,-1,43),(5993,0,12,0,-1,-1,43),(5994,0,13,0,-1,-1,43),(5995,1,0,0,-1,-1,43),(5996,1,1,0,-1,-1,43),(5997,1,2,0,-1,-1,43),(5998,1,3,0,-1,-1,43),(5999,1,4,0,36,0,43),(6000,1,5,0,-1,-1,43),(6001,1,6,0,-1,-1,43),(6002,1,7,0,-1,-1,43),(6003,1,8,0,-1,-1,43),(6004,1,9,0,-1,-1,43),(6005,1,10,0,-1,-1,43),(6006,1,11,0,-1,-1,43),(6007,1,12,0,-1,-1,43),(6008,1,13,0,-1,-1,43),(6009,2,0,0,-1,-1,43),(6010,2,1,0,0,0,43),(6011,2,2,0,0,0,43),(6012,2,3,0,0,0,43),(6013,2,4,0,-1,-1,43),(6014,2,5,0,-1,-1,43),(6015,2,6,0,-1,-1,43),(6016,2,7,0,-1,-1,43),(6017,2,8,0,-1,-1,43),(6018,3,0,0,-1,-1,43),(6019,4,0,0,-1,-1,43),(6020,4,1,0,-1,-1,43),(6021,5,0,0,16,0,43),(6022,6,0,0,14,3,43),(6023,7,0,0,-1,-1,43),(6024,8,0,0,0,3,43),(6025,9,0,0,0,4,43),(6026,0,0,0,-1,-1,43),(6027,0,1,0,0,0,43),(6028,0,2,0,-1,-1,43),(6029,0,3,0,2,3,43),(6030,1,0,0,-1,-1,43),(6031,1,1,0,0,0,43),(6032,1,2,0,-1,-1,43),(6033,1,3,0,2,4,43),(6034,0,0,0,-1,-1,44),(6035,0,1,0,-1,-1,44),(6036,0,2,0,-1,-1,44),(6037,0,3,0,-1,-1,44),(6038,0,4,0,35,0,44),(6039,0,5,0,35,4,44),(6040,0,6,0,35,7,44),(6041,0,7,0,35,10,44),(6042,0,8,0,-1,-1,44),(6043,0,9,0,-1,-1,44),(6044,0,10,0,-1,-1,44),(6045,0,11,0,-1,-1,44),(6046,0,12,0,-1,-1,44),(6047,0,13,0,-1,-1,44),(6048,1,0,0,-1,-1,44),(6049,1,1,0,-1,-1,44),(6050,1,2,0,-1,-1,44),(6051,1,3,0,-1,-1,44),(6052,1,4,0,36,0,44),(6053,1,5,0,-1,-1,44),(6054,1,6,0,-1,-1,44),(6055,1,7,0,-1,-1,44),(6056,1,8,0,-1,-1,44),(6057,1,9,0,-1,-1,44),(6058,1,10,0,-1,-1,44),(6059,1,11,0,-1,-1,44),(6060,1,12,0,-1,-1,44),(6061,1,13,0,-1,-1,44),(6062,2,0,0,-1,-1,44),(6063,2,1,0,0,0,44),(6064,2,2,0,0,0,44),(6065,2,3,0,0,0,44),(6066,2,4,0,-1,-1,44),(6067,2,5,0,-1,-1,44),(6068,2,6,0,-1,-1,44),(6069,2,7,0,-1,-1,44),(6070,2,8,0,-1,-1,44),(6071,3,0,0,-1,-1,44),(6072,4,0,0,-1,-1,44),(6073,4,1,0,-1,-1,44),(6074,5,0,0,16,0,44),(6075,6,0,0,14,3,44),(6076,7,0,0,-1,-1,44),(6077,8,0,0,0,3,44),(6078,9,0,0,0,4,44),(6079,0,0,0,-1,-1,44),(6080,0,1,0,0,0,44),(6081,0,2,0,-1,-1,44),(6082,0,3,0,2,3,44),(6083,1,0,0,-1,-1,44),(6084,1,1,0,0,0,44),(6085,1,2,0,-1,-1,44),(6086,1,3,0,2,4,44),(6087,0,0,0,-1,-1,45),(6088,0,1,0,0,0,45),(6089,0,2,0,-1,-1,45),(6090,0,3,0,2,3,45),(6091,1,0,0,-1,-1,45),(6092,1,1,0,0,0,45),(6093,1,2,0,-1,-1,45),(6094,1,3,0,2,4,45),(6095,0,0,0,-1,-1,45),(6096,0,1,0,0,0,45),(6097,0,2,0,-1,-1,45),(6098,0,3,0,2,3,45),(6099,0,4,0,-1,-1,45),(6100,1,0,0,-1,-1,45),(6101,1,1,0,0,0,45),(6102,1,2,0,-1,-1,45),(6103,1,3,0,2,4,45),(6104,1,4,0,28,10,45),(6105,0,0,0,-1,-1,46),(6106,0,1,0,0,0,46),(6107,0,2,0,-1,-1,46),(6108,0,3,0,2,3,46),(6109,0,4,0,-1,-1,46),(6110,1,0,0,-1,-1,46),(6111,1,1,0,0,0,46),(6112,1,2,0,-1,-1,46),(6113,1,3,0,2,4,46),(6114,1,4,0,28,10,46);
/*!40000 ALTER TABLE `result_mapping` ENABLE KEYS */;
UNLOCK TABLES;

--
-- Table structure for table `training_file_set`
--

DROP TABLE IF EXISTS `training_file_set`;
/*!40101 SET @saved_cs_client     = @@character_set_client */;
/*!40101 SET character_set_client = utf8 */;
CREATE TABLE `training_file_set` (
  `id` int(11) NOT NULL AUTO_INCREMENT,
  `uploaded_by` int(11) NOT NULL DEFAULT '0',
  `upload_date` timestamp NOT NULL DEFAULT CURRENT_TIMESTAMP,
  `parser_id` int(11) NOT NULL,
  PRIMARY KEY (`id`),
  UNIQUE KEY `pdf_id_uindex` (`id`)
) ENGINE=InnoDB AUTO_INCREMENT=132 DEFAULT CHARSET=utf8;
/*!40101 SET character_set_client = @saved_cs_client */;

--
-- Dumping data for table `training_file_set`
--

LOCK TABLES `training_file_set` WRITE;
/*!40000 ALTER TABLE `training_file_set` DISABLE KEYS */;
INSERT INTO `training_file_set` VALUES (7,2,'2019-03-12 16:45:27',4),(8,2,'2019-03-12 16:47:26',5),(9,2,'2019-03-12 20:23:17',6),(12,6,'2019-03-15 13:30:30',8),(13,6,'2019-03-15 13:31:29',8),(14,2,'2019-03-15 14:28:20',7),(15,2,'2019-03-15 14:28:31',7),(16,2,'2019-03-15 14:28:41',7),(17,2,'2019-03-21 20:59:38',12),(18,2,'2019-03-21 21:07:36',13),(19,2,'2019-03-21 21:13:09',14),(20,2,'2019-03-21 21:24:29',15),(21,2,'2019-03-21 21:36:01',16),(22,2,'2019-03-21 21:36:31',17),(23,2,'2019-03-21 21:38:01',18),(24,2,'2019-03-21 21:38:27',18),(25,2,'2019-03-21 21:59:29',19),(26,2,'2019-03-21 21:59:38',19),(27,2,'2019-03-21 22:16:16',20),(28,2,'2019-03-21 22:18:16',21),(29,2,'2019-03-22 16:51:20',22),(30,2,'2019-03-22 16:51:28',22),(31,2,'2019-03-22 16:52:11',23),(32,2,'2019-03-22 16:52:32',23),(33,2,'2019-03-22 18:12:18',24),(34,2,'2019-03-22 18:13:05',24),(35,2,'2019-03-22 19:22:11',25),(36,2,'2019-03-22 19:22:26',25),(37,2,'2019-03-22 19:27:44',26),(38,2,'2019-03-22 19:27:52',26),(39,2,'2019-03-22 19:33:26',27),(40,2,'2019-03-22 19:33:34',27),(41,2,'2019-03-22 21:25:14',28),(42,2,'2019-03-22 21:25:22',28),(43,2,'2019-03-22 21:42:45',29),(44,2,'2019-03-22 21:42:59',29),(45,2,'2019-03-22 21:46:19',30),(46,2,'2019-03-22 21:46:28',30),(47,2,'2019-03-22 21:51:50',31),(48,2,'2019-03-22 21:58:41',31),(49,2,'2019-03-22 22:05:32',32),(50,2,'2019-03-22 22:05:41',32),(51,2,'2019-03-22 22:13:17',33),(52,2,'2019-03-22 22:13:25',33),(53,2,'2019-03-22 22:14:42',34),(54,2,'2019-03-22 22:14:50',34),(55,2,'2019-03-22 22:17:09',35),(56,2,'2019-03-22 22:17:17',35),(57,2,'2019-03-22 22:33:14',36),(58,2,'2019-03-22 22:33:24',36),(59,2,'2019-03-22 22:47:51',37),(60,2,'2019-03-22 22:48:00',37),(61,2,'2019-03-22 22:48:14',38),(62,2,'2019-03-22 22:48:22',38),(63,2,'2019-03-22 23:32:39',39),(64,2,'2019-03-22 23:32:47',39),(65,2,'2019-03-25 20:34:23',40),(66,2,'2019-03-26 15:45:56',41),(67,2,'2019-03-26 15:58:07',42),(68,2,'2019-03-26 17:05:17',43),(69,2,'2019-03-26 17:06:50',44),(70,2,'2019-03-26 17:22:51',45),(71,2,'2019-03-26 17:24:10',46),(72,2,'2019-03-30 10:31:01',47),(73,2,'2019-03-30 10:43:47',48),(74,2,'2019-03-30 11:06:10',49),(75,2,'2019-03-30 11:06:20',49),(76,2,'2019-03-30 11:18:53',50),(77,2,'2019-03-30 11:19:04',50),(78,2,'2019-03-30 14:59:41',51),(79,2,'2019-03-30 14:59:52',51),(80,2,'2019-03-30 16:17:16',52),(81,2,'2019-03-30 16:17:25',52),(82,2,'2019-03-30 16:24:11',53),(83,2,'2019-03-30 16:24:20',53),(84,2,'2019-03-30 16:28:16',54),(85,2,'2019-03-30 16:28:25',54),(86,2,'2019-03-30 16:42:00',55),(87,2,'2019-03-30 16:42:11',55),(88,2,'2019-03-30 17:00:57',56),(89,2,'2019-03-30 17:01:07',56),(90,2,'2019-03-30 19:37:38',57),(91,2,'2019-03-30 19:37:49',57),(92,2,'2019-03-30 19:39:40',58),(93,2,'2019-03-30 19:39:51',58),(94,2,'2019-03-30 19:42:27',59),(95,2,'2019-03-30 19:42:35',59),(96,2,'2019-03-30 19:45:51',60),(97,2,'2019-03-30 19:46:00',60),(98,2,'2019-03-30 19:50:34',61),(99,2,'2019-03-30 19:50:42',61),(100,2,'2019-03-30 20:00:16',62),(101,2,'2019-03-30 20:00:27',62),(102,2,'2019-03-30 20:31:40',63),(103,2,'2019-03-30 20:31:49',63),(104,2,'2019-03-30 20:55:12',64),(105,2,'2019-03-30 20:55:20',64),(106,2,'2019-03-30 21:04:52',65),(107,2,'2019-03-30 21:05:01',65),(108,2,'2019-03-30 21:12:19',66),(109,2,'2019-03-30 21:12:28',66),(110,2,'2019-03-30 21:24:55',67),(111,2,'2019-03-30 21:25:04',67),(112,2,'2019-03-30 21:28:49',68),(113,2,'2019-03-30 21:28:59',68),(114,2,'2019-03-30 21:40:56',69),(115,2,'2019-03-30 21:41:03',69),(116,2,'2019-03-30 21:43:43',70),(117,2,'2019-03-30 21:44:08',70),(118,2,'2019-03-31 19:51:16',71),(119,2,'2019-03-31 19:51:24',71),(120,2,'2019-03-31 19:57:21',72),(121,2,'2019-03-31 19:57:33',72),(124,2,'2019-03-31 20:25:19',73),(125,2,'2019-03-31 20:25:35',73),(126,2,'2019-03-31 21:02:48',74),(127,2,'2019-03-31 21:02:59',74),(128,2,'2019-03-31 21:04:25',75),(129,2,'2019-03-31 21:04:35',75),(130,2,'2019-03-31 21:23:59',76),(131,2,'2019-03-31 21:24:10',76);
/*!40000 ALTER TABLE `training_file_set` ENABLE KEYS */;
UNLOCK TABLES;

--
-- Table structure for table `user`
--

DROP TABLE IF EXISTS `user`;
/*!40101 SET @saved_cs_client     = @@character_set_client */;
/*!40101 SET character_set_client = utf8 */;
CREATE TABLE `user` (
  `id` int(11) NOT NULL AUTO_INCREMENT,
  `email` varchar(110) NOT NULL,
  `password` varchar(110) DEFAULT NULL,
  PRIMARY KEY (`id`),
  UNIQUE KEY `user_id_uindex` (`id`),
  UNIQUE KEY `user_email_uindex` (`email`)
) ENGINE=InnoDB AUTO_INCREMENT=8 DEFAULT CHARSET=utf8;
/*!40101 SET character_set_client = @saved_cs_client */;

--
-- Dumping data for table `user`
--

LOCK TABLES `user` WRITE;
/*!40000 ALTER TABLE `user` DISABLE KEYS */;
INSERT INTO `user` VALUES (1,'admin@sparkyai.com','matrix007@123.in'),(2,'alamin@sparkyai.com','11'),(3,'user1@sparkyai.com','11'),(4,'user2@sparkyai.com','11'),(5,'user3@sparkyai.com','11'),(6,'user4@sparkyai.com','11'),(7,'user5@sparkyai.com','11');
/*!40000 ALTER TABLE `user` ENABLE KEYS */;
UNLOCK TABLES;
/*!40103 SET TIME_ZONE=@OLD_TIME_ZONE */;

/*!40101 SET SQL_MODE=@OLD_SQL_MODE */;
/*!40014 SET FOREIGN_KEY_CHECKS=@OLD_FOREIGN_KEY_CHECKS */;
/*!40014 SET UNIQUE_CHECKS=@OLD_UNIQUE_CHECKS */;
/*!40101 SET CHARACTER_SET_CLIENT=@OLD_CHARACTER_SET_CLIENT */;
/*!40101 SET CHARACTER_SET_RESULTS=@OLD_CHARACTER_SET_RESULTS */;
/*!40101 SET COLLATION_CONNECTION=@OLD_COLLATION_CONNECTION */;
/*!40111 SET SQL_NOTES=@OLD_SQL_NOTES */;

-- Dump completed on 2019-04-01  3:40:25
